trader_id,win_rate,avg_profit,avg_loss,profit_factor,avg_return_pct,avg_holding_days,holding_variance,trades_per_month,avg_trades_per_day,max_loss_streak,max_win_streak,avg_position_size,position_size_variance,risk_escalation_ratio,pnl_std,post_loss_position_change,post_loss_trade_delay,avg_gap_between_trades,same_day_trade_ratio,cluster
1,0.6086956521739131,754.7496428571428,526.7722222222222,2.228771659688459,1.9036329686199136,17.67391304347826,8.740847525208137,4.6,0.1533333333333333,4,4,13876.832608695651,3247.494696008968,1.0233982674137063,828.7831215696273,-1148.4083333333333,0.1111111111111111,6.666666666666667,0.0,1
2,0.6646341463414634,672.9574311926608,452.50618181818174,2.9473172440838598,2.3015010171808705,17.835365853658537,7.806146264145439,4.509624197983501,0.15032080659945,5,10,13109.716280487806,3114.6875017826305,1.0126775385908686,699.5235837088668,-696.127818181818,0.0727272727272727,6.693251533742331,0.0,1
3,0.6122448979591837,711.4873333333331,779.2800000000001,1.4415884568211408,1.425663058933743,3.1122448979591835,1.3072569302454402,28.823529411764707,0.9607843137254902,4,8,13892.82612244898,4984.62265004933,1.0685241989612655,1029.1537776984237,-879.5370270270269,0.027027027027027,1.0515463917525774,0.3402061855670103,2
4,0.5733333333333334,558.5604651162789,537.1621875000001,1.39727933660632,0.5760558674827513,2.9466666666666668,1.4786163485861727,34.090909090909086,1.1363636363636365,5,6,14046.487866666665,4918.204724586954,1.056018175500637,722.5281606263455,367.2078125000002,0.125,0.8918918918918919,0.3918918918918919,2
5,0.4625850340136054,1497.6298529411763,1591.1475949367089,0.8101694135893955,-0.4510586202077467,5.421768707482993,2.6064334789869346,11.79144385026738,0.393048128342246,7,8,27731.955510204083,13878.2132931139,1.0289336559467346,2083.3725401802444,3195.586666666666,0.3717948717948718,2.5616438356164384,0.1643835616438356,0
6,0.5534591194968553,699.4057954545455,678.3961971830986,1.2778213653453163,0.9325421194556964,2.9685534591194966,1.3660503152871737,24.58762886597938,0.8195876288659794,5,8,13549.743899371071,4861.872353220909,1.0213699573270296,908.1846003069326,-81.17309859154929,0.0985915492957746,1.2278481012658229,0.2341772151898734,2
7,0.5649717514124294,2615.9881,2955.085454545454,1.1496747539504648,0.6013383668573083,8.220338983050848,4.039863000926613,7.510608203677511,0.2503536067892503,6,13,50483.83587570621,21077.74776034234,0.8707881174778633,3860.095561009865,-1745.655064935065,0.2857142857142857,4.017045454545454,0.0,3
8,0.4899328859060403,619.4409589041095,638.8711842105262,0.931313474156,-0.1089199835166901,2.7114093959731544,1.3915541671747418,33.86363636363636,1.128787878787879,7,5,13493.809463087247,4925.542790634758,1.0592959215935802,837.418695051928,-1182.0487999999998,0.0666666666666666,0.8918918918918919,0.3986486486486486,2
9,0.6024096385542169,3167.3920000000003,2448.204696969697,1.9602440898095328,1.887102281841987,8.409638554216867,4.076647893844077,7.929936305732484,0.2643312101910828,4,8,46281.55084337349,19539.428561516837,0.98496170760969,3864.344580627344,4505.329545454545,0.3939393939393939,3.806060606060606,0.0,3
10,0.4929577464788732,2679.735428571428,2285.883333333333,1.1397337280263646,0.771332089810563,8.422535211267606,4.374151254263051,7.802197802197803,0.2600732600732601,5,5,49104.11957746479,17771.12134808802,0.9300817604292968,3473.856865507432,-7854.312222222222,0.4444444444444444,3.9,0.0,3
11,0.6571428571428571,735.0830434782608,400.2488888888888,3.52008264302212,2.405262018151223,17.4,7.664353051126213,4.701492537313433,0.1567164179104477,4,7,13526.446571428572,2986.626894975664,1.0591732946850994,731.1693416464476,-88.88749999999992,0.0555555555555555,6.4423076923076925,0.0,1
12,0.7227722772277227,670.1189041095892,534.3739285714286,3.2694254357736394,2.577219967596507,17.940594059405942,6.848097227957876,5.083892617449664,0.1694630872483221,3,9,13588.472871287124,3258.47185786262,0.92994500798456,714.5647642131469,-309.85571428571444,0.2142857142857142,5.96,0.0,1
13,0.5119047619047619,1563.7186046511629,1202.630243902439,1.3636756345441212,0.7461900132126844,6.011904761904762,2.914418033286944,13.125,0.4375,6,4,26958.174642857142,13647.487657566237,1.0472286819972647,1915.1291125980056,6061.680731707315,0.2195121951219512,2.3132530120481927,0.1566265060240964,0
14,0.52,2560.456153846154,1873.3316666666667,1.480692153640706,0.626753844497416,8.04,4.015073638992268,7.352941176470589,0.2450980392156862,4,4,47878.89599999999,19363.89437726401,1.082188212131964,2890.995320869578,7367.577826086956,0.3043478260869565,4.163265306122449,0.0,3
15,0.6588235294117647,2861.8575000000005,2990.685172413794,1.8478526486895457,2.266403624477486,8.2,3.875441603101202,7.223796033994334,0.2407932011331444,4,10,46615.018,20286.57766050944,0.9742506666142848,3676.024386633009,-1417.1189655172411,0.0689655172413793,4.2023809523809526,0.0,3
16,0.5895953757225434,1458.4023529411768,1079.3492957746482,1.9411413762595615,1.6765299227528212,5.549132947976879,2.912315839014642,11.795454545454549,0.3931818181818182,4,8,24583.22231213873,12285.417466680152,1.0048872769524522,1868.601230697706,5883.799436619719,0.3943661971830985,2.558139534883721,0.1569767441860465,0
17,0.5789473684210527,753.1972727272728,350.71375,2.952967341599809,2.1628276919115423,17.513157894736842,8.088664366140444,4.759916492693111,0.1586638830897703,4,7,13468.634342105266,3025.00573434755,0.986906366288036,700.3181907054696,-963.78625,0.34375,6.386666666666667,0.0,1
18,0.6136363636363636,707.3875925925927,659.721911764706,1.7029871543468964,1.2828272828664202,2.886363636363636,1.4535223674671376,30.17142857142857,1.0057142857142858,3,8,13945.392102272726,5156.765878314886,0.9904095388144332,910.643085185564,50.83089552238821,0.1044776119402985,1.0,0.3428571428571428,2
19,0.5227272727272727,802.6337681159421,632.4592063492063,1.389931667592339,0.8239369003759431,2.7954545454545454,1.4342518669206747,30.461538461538463,1.015384615384615,6,5,13715.168106060606,5029.575476969506,1.0272927994261594,994.6731158518264,-76.963064516129,0.0967741935483871,0.9923664122137404,0.3129770992366412,2
20,0.6287878787878788,3082.59156626506,3247.512448979592,1.607856085263628,1.7122453163841649,8.613636363636363,4.218548151672631,7.528517110266159,0.2509505703422053,3,6,47830.86795454546,20660.481049606093,1.060759460989949,4066.832422579547,-202.60081632653063,0.2244897959183673,4.015267175572519,0.0,3
21,0.5641025641025641,1550.5127272727275,1532.4450980392155,1.3093753798555945,0.7591259820557293,5.837606837606837,2.6747776735107287,12.491103202846974,0.4163701067615658,4,7,29271.04564102565,13865.10502275564,1.0304404313237718,2129.8560872524754,9458.33274509804,0.3333333333333333,2.4224137931034484,0.2327586206896551,0
22,0.6404494382022472,803.2566666666667,559.0740625000001,2.559233263481973,2.3091117842091338,17.629213483146067,6.8546301910591625,5.0093808630394,0.1669793621013133,4,6,13857.750898876402,3275.6847087696588,0.940160544481632,846.1641765134943,115.29281250000014,0.0625,6.056818181818182,0.0,1
23,0.746031746031746,735.1247872340425,506.5740625,4.262810164110998,3.203830598576214,16.206349206349206,7.358605803077058,4.554216867469879,0.1518072289156626,2,11,13101.025079365085,3076.146382797476,1.010295350853669,731.7060024642824,122.58774193548383,0.1935483870967742,6.64,0.0,1
24,0.7410071942446043,743.8716504854369,450.6555555555556,4.722674375600977,3.18643994680788,18.071942446043167,7.998768281782454,4.537540805223069,0.1512513601741023,5,14,13601.240935251795,2953.113079433564,0.9683930212334472,717.9204020190828,172.65314285714297,0.1428571428571428,6.659420289855072,0.0,1
25,0.7363636363636363,725.4176543209878,495.3458620689656,4.090407747147065,3.0079442409824115,17.254545454545454,7.581285945041496,4.647887323943662,0.1549295774647887,3,14,13269.21718181818,3025.8977119505207,0.9989796891709292,753.0414802944368,517.7093103448276,0.1379310344827586,6.513761467889908,0.0,1
26,0.5695364238410596,719.9929069767442,496.9221538461538,1.9170125393421784,1.12939792628834,2.9735099337748343,1.4280383742161815,32.589928057553955,1.0863309352517985,5,5,13575.10357615894,4906.332879646106,0.9849474817833354,800.8763316474506,93.60030769230778,0.0461538461538461,0.9266666666666666,0.38,2
27,0.5833333333333334,1274.2742857142855,1018.507,1.7515677359114856,1.2053991952168448,5.55,2.8926159252061625,12.587412587412588,0.4195804195804196,7,8,25178.029666666665,12492.782371551426,1.3218941000792388,1630.5009665463276,9132.992040816323,0.4489795918367347,2.403361344537815,0.2100840336134453,0
28,0.7014925373134329,722.3897872340427,350.79400000000004,4.839353010598813,3.0491178242341728,16.776119402985074,7.780747209429314,4.902439024390244,0.1634146341463414,2,11,12973.577313432836,3152.3259620792287,1.0082722194983509,687.3240023468741,-102.45049999999956,0.05,6.212121212121212,0.0,1
29,0.5225225225225225,1432.1817241379313,1515.079811320755,1.0344624724296858,0.4021968087875079,5.207207207207207,2.802976071370366,13.760330578512397,0.4586776859504132,6,7,28226.610990990997,14264.870951926938,0.9681543292685996,2118.107443642989,6212.758461538463,0.1538461538461538,2.2,0.2,0
30,0.6863905325443787,651.1922413793104,311.1196226415093,4.581038416334433,2.7155713913936337,18.10650887573965,7.257214325298213,4.751640112464854,0.1583880037488285,4,8,13182.891834319526,2944.3411994175685,0.9886226250756616,616.1552536362329,-466.4037735849057,0.0,6.351190476190476,0.0,1
31,0.8205128205128205,711.97921875,417.9071428571429,7.788242432529441,3.5348537514537983,17.166666666666668,7.613072603021362,4.5703125,0.15234375,2,23,13838.543076923075,3210.3516629997835,0.9770322371394622,651.1150537590509,-179.84000000000017,0.4285714285714285,6.64935064935065,0.0,1
32,0.5766871165644172,599.5604255319148,636.9076811594201,1.282434625817725,0.6597643330921392,3.1104294478527605,1.431592978612085,30.372670807453417,1.0124223602484472,5,7,14717.40355828221,5090.41551640193,1.0987650870332226,798.0177633663687,-372.5358823529411,0.0735294117647058,0.9938271604938272,0.3148148148148148,2
33,0.5507246376811594,736.8207894736842,613.2880645161289,1.4727168677772329,0.7539362611328745,3.231884057971014,1.2850375084504215,27.23684210526316,0.9078947368421052,3,5,13539.588695652174,5016.119965189556,1.0585139837958897,887.7236748436532,1037.1623333333334,0.1333333333333333,1.1176470588235294,0.25,2
34,0.7361111111111112,785.0145283018867,390.81947368421055,5.603040574662955,3.6128846450868073,18.22222222222222,7.465954844524694,4.552160168598525,0.1517386722866175,3,19,13279.725,3147.707962541562,0.9497759962465382,721.2861454888247,96.31578947368412,0.1842105263157894,6.636363636363637,0.0,1
35,0.7619047619047619,760.1008333333333,394.88933333333335,6.159504603821492,3.685417548294576,17.682539682539684,7.261976530077738,4.934725848563969,0.1644908616187989,4,14,13283.488253968257,2810.958981374414,1.041051429981984,760.0035580791614,103.01333333333338,0.2,6.17741935483871,0.0,1
36,0.5407407407407407,3223.7342465753422,3171.7848387096774,1.1967038402006889,0.696712615571057,8.925925925925926,4.167446029930385,7.655954631379962,0.2551984877126654,7,6,49625.92955555555,21223.33711241633,1.0038136912609286,4196.571554188808,1650.6193548387091,0.3064516129032258,3.9477611940298503,0.0,3
37,0.562874251497006,2560.6618085106384,2738.08698630137,1.2042314814837976,0.8682193440498074,8.10179640718563,4.148790984491634,7.2086330935251794,0.2402877697841726,6,8,50196.64359281438,20237.93109008691,1.0290697668579831,3603.8048393484983,-5307.221643835615,0.5753424657534246,4.186746987951807,0.0,3
38,0.4426229508196721,1058.2607407407409,1566.1273529411762,0.536599739372108,-1.113277340725816,4.967213114754099,2.645544765038977,10.701754385964913,0.3567251461988304,11,4,27860.23754098361,12222.744123347078,1.3015742224550615,1754.832725379017,2644.619411764706,0.4117647058823529,2.85,0.1333333333333333,0
39,0.5691056910569106,3903.509285714286,2321.2586792452835,2.221027043639548,2.027834936181707,8.357723577235772,3.7221756402317503,7.817796610169492,0.2605932203389831,6,8,52014.363089430895,20630.324661146275,0.9492792551913084,3959.8250941886886,1067.653962264151,0.2075471698113207,3.868852459016393,0.0,3
40,0.5337078651685393,746.4434736842103,553.1414457831326,1.544565171460969,0.8046357116608711,2.842696629213483,1.3892149260773263,28.253968253968253,0.9417989417989416,6,6,13556.608314606745,4963.585563936194,0.9116701778731082,876.6835401959885,391.396219512195,0.1097560975609756,1.0677966101694916,0.3050847457627119,2
41,0.6714285714285714,704.7046808510637,476.2241304347826,3.0238885508330697,2.418170864857295,17.507142857142856,7.079706969275772,4.751131221719457,0.1583710407239819,4,8,13494.932714285716,3197.384694308512,1.0393097286957589,732.8900449928311,-778.2169565217393,0.0652173913043478,6.359712230215828,0.0,1
42,0.5674157303370787,729.0656435643564,531.5325974025974,1.7991500197541976,1.0462359674546515,2.7191011235955056,1.3486864423059006,27.958115183246075,0.9319371727748692,5,8,13599.063314606745,4971.874517312953,0.9788976592797586,829.2778992870066,1117.2501298701295,0.1038961038961039,1.07909604519774,0.3163841807909605,2
43,0.6179775280898876,3423.8031818181817,2701.1227941176467,2.050445525512675,2.183535515757102,8.702247191011235,4.0888570510289455,7.206477732793522,0.2402159244264507,4,7,52647.07382022472,20676.344392363822,0.9423271921359054,4063.7458865092585,-5103.738235294119,0.2647058823529412,4.186440677966102,0.0,3
44,0.55,626.4166666666666,422.9644444444444,1.8101293865870876,1.200384638425887,3.1166666666666667,1.595456118477942,36.0,1.2,4,6,12232.1815,4513.16875004985,1.097606625539988,693.7126463799182,-75.76222222222215,0.074074074074074,0.847457627118644,0.3898305084745763,2
45,0.5064102564102564,1408.6459493670884,1608.0828571428572,0.8987311502169477,-0.1596405524830813,5.685897435897436,2.8461734065900623,11.878172588832488,0.3959390862944162,6,6,26260.968974358977,12205.428075829224,0.9914746915231508,2008.6940933440517,3963.665131578948,0.2368421052631578,2.541935483870968,0.1677419354838709,0
46,0.5588235294117647,679.1802631578947,495.1609999999999,1.7374046017355975,0.8313217969509752,2.794117647058824,1.501827976012792,37.77777777777778,1.2592592592592593,6,5,13641.324264705883,5079.393214446497,1.0027406115857938,770.9710641070404,-182.7553333333331,0.1,0.8059701492537313,0.4626865671641791,2
47,0.7209302325581395,693.0923387096775,462.3164583333334,3.8728635102488873,2.81906319257519,18.44767441860465,7.445132272837301,4.669683257918551,0.155656108597285,3,12,13432.245930232555,3045.998905104332,0.98158737981512,691.4076837955441,-1249.23875,0.1875,6.461988304093567,0.0,1
48,0.6875,703.1960606060607,520.6080000000001,2.971585786874833,2.362294366039984,18.14583333333333,7.632488184499524,4.660194174757281,0.1553398058252427,3,14,12885.315416666666,3019.8829243115965,1.0407472288513575,740.3325697818129,-710.0114285714284,0.0,6.574468085106383,0.0,1
49,0.6785714285714286,569.2752631578948,405.4166666666667,2.964365878725591,1.8357884472495296,18.107142857142858,7.159681484608024,4.827586206896552,0.160919540229885,4,10,13161.780714285716,3092.4900715342096,0.9282742203405092,607.25500893605,-346.508888888889,0.1666666666666666,6.327272727272727,0.0,1
50,0.631578947368421,3380.987857142857,2755.288775510204,2.103583201583004,1.8892802213354984,8.0,4.240854688013783,7.658349328214971,0.255278310940499,7,10,50636.0360150376,20490.273436334704,0.9982663321677308,4054.5066776951767,6633.279795918369,0.5102040816326531,3.946969696969697,0.0,3
51,0.6746987951807228,808.2323214285714,418.32888888888886,4.00721477341946,2.7270673563629666,17.89156626506024,6.9878152630878265,5.1875,0.1729166666666666,3,7,13620.489156626503,2820.883570287001,0.9833639843922508,815.482167053757,883.9214814814819,0.074074074074074,5.853658536585366,0.0,1
52,0.7166666666666667,556.7286046511629,402.98764705882354,3.4943896981224065,2.0938435349014624,17.633333333333333,7.876088392189484,4.422604422604422,0.1474201474201474,3,13,13520.261,2939.2994640546926,1.0487396668119595,626.1985116712767,-487.8294117647058,0.1176470588235294,6.898305084745763,0.0,1
53,0.6025641025641025,2691.052340425532,2666.833870967742,1.529897540698557,1.2692618980595314,8.346153846153847,4.217548136976304,7.622149837133551,0.254071661237785,4,5,48209.47948717949,21217.09295455043,0.9257807679380952,3631.394495081384,1198.1974193548383,0.5483870967741935,3.987012987012987,0.0,3
54,0.7375,745.9274576271187,588.6119047619046,3.5604121075815995,2.815123588639593,16.175,7.64691548637071,4.4609665427509295,0.1486988847583643,3,15,13659.81475,2906.996558136099,1.0004683077807632,794.4084914762709,287.9423809523809,0.3333333333333333,6.810126582278481,0.0,1
55,0.6756756756756757,566.6914,493.9333333333333,2.390215447428803,1.725674000016444,16.013513513513512,6.909380645960518,4.703389830508475,0.1567796610169491,2,6,13250.649054054054,3065.2668651536173,1.140522489371424,641.3758631837167,-778.7433333333333,0.1666666666666666,6.465753424657534,0.0,1
56,0.5522388059701493,4245.401081081081,2079.699333333333,2.517669060495604,2.3284468961295275,9.149253731343284,4.418465835981519,7.178571428571428,0.2392857142857143,4,4,49693.59313432835,22593.91607575623,1.027195229714274,4428.998224201206,4279.771333333334,0.5,4.242424242424242,0.0,3
57,0.4482758620689655,822.5905128205129,682.9714583333334,0.9785984223962506,-0.1784011983568146,3.2528735632183907,1.4241961486657535,26.1,0.87,8,6,14013.80747126437,4851.387033925696,0.9200381892493376,1022.3664134647128,35.8597916666666,0.125,1.162790697674419,0.2441860465116279,2
58,0.725,775.6455172413794,447.4827272727273,4.569748756173422,3.451534972477913,17.7,7.335197898157091,4.477611940298507,0.1492537313432835,2,7,13261.20475,3215.6358750378918,0.8437332944228798,708.9140774668712,50.46099999999969,0.2,6.871794871794871,0.0,1
59,0.4821428571428571,1774.7940740740742,1106.2713793103446,1.4936610615278976,1.0060725883573818,5.071428571428571,2.9161440471787574,10.980392156862743,0.3660130718954248,4,3,28056.204285714284,10091.51919421395,0.9906055781340476,1861.739902112647,4345.5217241379305,0.4482758620689655,2.7818181818181817,0.1454545454545454,0
60,0.6710526315789473,2821.362549019608,2239.5932000000003,2.569921894744099,2.3586278252223782,7.993421052631579,4.131123527126131,7.080745341614907,0.2360248447204969,4,9,47177.46828947368,19926.840427120707,1.06318769684723,3368.3899021469906,2051.6572,0.58,4.264900662251655,0.0,3
61,0.6,2542.009523809523,2761.3646428571437,1.3808441762943031,0.956932290488992,7.614285714285714,4.051454765178271,7.894736842105263,0.2631578947368421,3,5,47719.61385714285,20475.11662629985,0.8736156746102505,3465.2348662833488,-3034.84037037037,0.3703703703703703,3.855072463768116,0.0,3
62,0.5629139072847682,1394.644117647059,1283.8251515151514,1.399047661309491,0.8958604143967653,5.291390728476821,2.767885845366483,13.323529411764705,0.4441176470588235,5,10,26741.8661589404,12569.628280463075,0.8962255945455693,1901.693129074884,8031.586307692308,0.1692307692307692,2.2666666666666666,0.22,0
63,0.5900621118012422,2911.637789473684,2259.720303030303,1.8546515611948216,1.87068969480238,8.0,4.08656334834051,7.134416543574594,0.2378138847858198,7,7,47714.890683229816,20867.73897854533,1.1635196288981768,3432.0270210113613,-3062.3089393939395,0.303030303030303,4.23125,0.0,3
64,0.4561403508771929,2972.339230769231,2282.655806451613,1.0921180803402035,0.4127675734134117,8.75438596491228,4.132971525922385,7.772727272727273,0.2590909090909091,5,3,49246.46894736842,18266.61253055721,1.0075597024283605,3583.2704249801213,-1015.5980000000004,0.4666666666666667,3.928571428571429,0.0,3
65,0.625,704.8496666666667,528.1544444444445,2.2242536379299827,1.783032577322459,19.33333333333333,7.415720315749404,4.965517241379311,0.1655172413793103,3,6,12804.692708333334,3265.720744141144,0.985846048585576,852.2429630353178,311.56944444444434,0.1666666666666666,6.170212765957447,0.0,1
66,0.5060240963855421,644.7307142857144,563.1070731707317,1.172877921670661,0.8309917650045548,2.9759036144578315,1.489605477434012,27.065217391304348,0.9021739130434784,4,7,12853.320240963856,4445.140530078742,0.9422197487247072,777.2631926764938,-190.58699999999985,0.075,1.1219512195121952,0.3170731707317073,2
67,0.5352112676056338,1432.1407894736842,1739.7054545454546,0.9479373728886186,0.3637551732427635,5.676056338028169,3.016618970136586,12.102272727272728,0.4034090909090909,9,6,26930.949859154927,12916.455548347169,1.0107162031696366,2135.868244691313,3417.102727272727,0.2272727272727272,2.49645390070922,0.1702127659574468,0
68,0.6415094339622641,1145.7600000000002,1586.3557894736844,1.2924637600379023,1.424137622164733,5.660377358490566,2.409463682954674,12.61904761904762,0.4206349206349206,3,4,24428.2520754717,12235.062100576322,0.9862796985615404,1792.192900782169,6972.3694444444445,0.1111111111111111,2.423076923076923,0.1346153846153846,0
69,0.5590551181102362,731.3325352112677,617.0964285714284,1.5025612459270667,1.057720866718766,3.0078740157480315,1.411382655368492,27.21428571428571,0.9071428571428573,5,6,13487.648976377952,5213.061060531965,0.9276935278352446,867.9629872429525,388.6626785714285,0.1071428571428571,1.1111111111111112,0.2619047619047619,2
70,0.5454545454545454,1459.3324358974355,1359.9372307692308,1.2877056995390734,0.3128940925039226,5.734265734265734,2.8947525349755145,12.398843930635838,0.4132947976878612,6,5,27133.443146853147,14129.47501818956,1.0950420231559164,1859.0028013827791,8177.091230769231,0.0923076923076923,2.436619718309859,0.1901408450704225,0
71,0.5517241379310345,1496.8333333333333,1298.4714102564103,1.4187885814849155,0.7434846120024322,5.270114942528736,2.836900325164763,12.224824355971895,0.4074941451990632,7,7,27461.12419540229,13187.82512503245,0.9796572489027312,1974.9047095046155,7132.970779220779,0.2597402597402597,2.468208092485549,0.1791907514450867,0
72,0.7704918032786885,662.208085106383,390.985,5.68596530009372,3.210451097168343,18.540983606557376,7.845537522464184,4.854111405835544,0.1618037135278514,2,8,13411.28639344262,2916.9279996056543,1.0482476889995798,623.2226645113295,1425.6485714285716,0.0,6.283333333333333,0.0,1
73,0.5209580838323353,1398.8640229885057,1302.480375,1.1679750836936795,0.560422700146129,5.011976047904192,2.765946152748598,12.4009900990099,0.4133663366336633,6,11,27274.687065868264,12591.70508144521,1.0834802991114854,1815.239517083637,5134.197848101265,0.4430379746835443,2.433734939759036,0.1867469879518072,0
74,0.5925925925925926,2852.5956250000004,2830.1041818181816,1.4661050383432723,1.240111651662536,8.422222222222222,4.186807045211284,7.641509433962264,0.2547169811320754,8,9,49894.141407407405,20230.41607971939,1.0616431646029942,4087.280269061204,-1660.3089090909095,0.5636363636363636,3.955223880597015,0.0,3
75,0.5106382978723404,1457.6479166666666,1559.0028985507247,0.9756389256603996,-0.2849651137729197,5.602836879432624,2.76167504197857,12.36842105263158,0.4122807017543859,6,6,29250.21290780141,13648.441524164924,1.0139986362775235,2059.398349777872,7095.587826086957,0.4492753623188406,2.442857142857143,0.1642857142857142,0
76,0.7377049180327869,743.7374444444443,385.295625,5.428978235867588,3.3050224166053503,17.098360655737704,7.528908294052824,4.52970297029703,0.1509900990099009,3,9,13301.05450819672,3054.021886707391,1.0481197407578289,709.6036747811401,-568.3564516129035,0.1935483870967742,6.677685950413223,0.0,1
77,0.582089552238806,3427.77641025641,2708.598571428572,1.762683812767699,1.474430072484915,8.791044776119403,3.7840867495695374,7.204301075268817,0.2401433691756272,3,8,48945.57552238806,19442.266356610427,1.026428297466396,4132.659426508635,6339.1053571428565,0.3928571428571428,4.227272727272728,0.0,3
78,0.55,3191.716363636364,3159.710222222223,1.2346026667986991,1.0966440995268407,8.99,3.9299291894821,7.281553398058253,0.2427184466019417,4,8,49034.2814,21723.13122547898,1.0336712376587769,4375.131086326217,-237.053111111111,0.3777777777777777,4.161616161616162,0.0,3
79,0.5344827586206896,3073.7712903225806,2252.0885185185184,1.5670542191371664,1.417678136702348,9.04310344827586,3.8434410338275966,7.699115044247788,0.2566371681415929,4,9,49591.23043103448,20581.97964291416,1.0996108397620346,3684.359783793315,-322.7246296296296,0.3333333333333333,3.930434782608696,0.0,3
80,0.5645161290322581,1652.71,1017.0240740740742,2.106539959540635,1.7498418227606618,6.096774193548387,2.889833380070382,11.923076923076923,0.3974358974358974,4,5,24365.80129032257,11740.156685643817,1.0867891636348166,1851.9408605421036,9705.222692307692,0.3846153846153846,2.557377049180328,0.1639344262295081,0
81,0.6373626373626373,636.3713793103448,562.9363636363637,1.9868514122377787,1.6722003237864274,3.043956043956044,1.272897725769286,30.0,1.0,3,7,12732.46153846154,4662.26608905677,1.0266376501794134,740.0171109468282,-727.1384848484851,0.0303030303030303,1.011111111111111,0.3222222222222222,2
82,0.5319148936170213,3284.6078,2179.5845454545456,1.712486387105466,1.2776088884668948,8.170212765957446,4.164980212353673,7.580645161290322,0.2526881720430107,4,7,48291.42978723404,21455.911940385533,0.9681160898050476,3980.849336484855,1996.325813953486,0.4186046511627907,4.0,0.0,3
83,0.610062893081761,1349.6273195876288,1159.6185483870968,1.820869209633034,1.807725520054068,5.7421383647798745,3.027748958035642,12.015113350125946,0.4005037783375315,5,12,25870.76194968553,13036.344212087884,0.8862102136068561,1700.817509435005,6717.587096774193,0.2903225806451613,2.5126582278481013,0.1645569620253164,0
84,0.5983606557377049,729.7667123287671,552.685918367347,1.9671271390438008,1.636566311120949,3.0327868852459017,1.384294588563343,31.82608695652174,1.0608695652173914,5,11,13807.212049180329,4652.186143858674,0.8947772778833023,796.1088394478562,-1093.2068750000003,0.0625,0.950413223140496,0.3305785123966942,2
85,0.6666666666666666,710.8882894736842,435.7971052631579,3.2624736644104657,2.4363874959044427,16.728070175438596,7.082678718941005,4.906743185078909,0.1635581061692969,3,10,13489.642368421051,2824.8575409312743,0.9590089072644068,725.8803573580146,-618.136052631579,0.131578947368421,6.168141592920354,0.0,1
86,0.5350877192982456,1340.7499999999998,1518.1230188679249,1.0164705622086456,0.3880948445615299,5.666666666666667,2.84610171730575,12.302158273381291,0.4100719424460431,8,7,26826.33903508772,12980.111264291245,1.1040663272244116,2046.4528274096133,5312.028076923078,0.3846153846153846,2.4601769911504423,0.168141592920354,0
87,0.5806451612903226,728.8763333333333,650.5829230769231,1.5512448126402143,0.9501398801537996,2.9612903225806453,1.431935711789446,30.3921568627451,1.0130718954248366,4,8,13760.564967741935,5232.932256471755,1.0857169716619235,916.7231394550146,1147.300923076923,0.0461538461538461,0.9935064935064936,0.3181818181818182,2
88,0.5528455284552846,1371.4067647058823,1115.1023636363636,1.520539736832966,1.215048259304624,5.2926829268292686,2.9020391567814867,11.047904191616768,0.3682634730538922,6,7,28552.282520325207,13255.522890064129,0.9562754373399578,1641.6570239463372,5061.794909090909,0.6,2.737704918032787,0.1393442622950819,0
89,0.5925925925925926,743.10175,666.6299999999999,1.6214020862056506,1.2654966317408989,3.2074074074074077,1.344398529978149,26.644736842105264,0.8881578947368421,9,12,14597.95622222222,5067.047722433862,1.03745911259507,943.4599357605588,-180.31296296296296,0.0925925925925925,1.1343283582089552,0.2686567164179104,2
90,0.5461538461538461,676.7480281690143,589.3628813559322,1.3818170785401418,0.5433682014689577,2.8461538461538463,1.4598584324565689,33.91304347826087,1.1304347826086956,5,7,14290.78630769231,5135.914363298429,0.9501239751679332,822.9383775440443,378.3617241379311,0.0517241379310344,0.8914728682170543,0.3875968992248062,2
91,0.5256410256410257,3076.4412195121954,2386.384324324325,1.428533293950749,0.920222310028976,9.166666666666666,4.16982564233157,6.902654867256636,0.2300884955752212,7,5,52865.41794871796,20183.592369049653,0.9232080913434046,3768.803090147372,-262.28621621621585,0.3243243243243243,4.402597402597403,0.0,3
92,0.4825174825174825,1208.8528985507248,1390.5443243243244,0.8105988632878355,-0.3084723329336271,5.699300699300699,2.811032001949715,10.698254364089776,0.3566084788029925,6,4,28744.007132867137,13015.637165860226,1.0489211742915014,1814.996066963474,6649.170270270271,0.2567567567567567,2.823943661971831,0.1056338028169014,0
93,0.5114503816793893,3046.222686567164,2541.3743750000003,1.2548384867538454,0.8817511519502219,8.564885496183207,4.2986567430396585,7.859999999999999,0.262,6,10,48105.94564885496,19573.474941385157,0.9741567178177256,3749.104766311149,289.9466666666671,0.4761904761904761,3.8461538461538463,0.0,3
94,0.7272727272727273,767.20765625,584.12625,3.5024741369410006,3.118557383348986,17.193181818181817,7.124279281226068,4.623467600700525,0.1541155866900175,3,15,13301.056363636364,2915.7034792043064,0.9997664163102372,763.2973614479937,487.5830434782609,0.1739130434782608,6.563218390804598,0.0,1
95,0.7205882352941176,687.0593877551021,384.87000000000006,4.603866240548757,3.1439228305663405,17.58823529411765,7.2074490780349665,4.533333333333333,0.1511111111111111,3,22,12967.390735294111,3176.6501726205074,0.9553566922285788,686.0896822540291,-1033.1266666666668,0.3333333333333333,6.7164179104477615,0.0,1
96,0.52,757.5729230769232,602.6381666666667,1.361852012360098,0.719898212151386,3.072,1.3806029538317788,30.241935483870964,1.0080645161290325,9,7,13788.210560000003,5253.27083185052,1.090208861049377,934.825732891672,306.73933333333315,0.0666666666666666,1.0,0.3548387096774194,2
97,0.6160714285714286,669.333043478261,442.7997674418605,2.425579518066594,1.9810237020397716,17.482142857142858,7.497725952973639,4.621733149931224,0.1540577716643741,3,10,13079.453214285715,3011.6398097394704,1.0328063782410464,725.1210634326598,-1221.556744186047,0.0930232558139534,6.54954954954955,0.0,1
98,0.5294117647058824,3381.2533333333326,2098.184583333333,1.8129529833628,0.7128662844622788,7.549019607843137,3.822636396468783,8.27027027027027,0.2756756756756757,3,4,45936.19921568627,20290.726488729066,1.0286132991249066,3758.1335596709455,3875.6883333333335,0.375,3.7,0.0,3
99,0.725,854.0637931034482,412.8781818181818,5.453479564740645,3.563077106117407,18.65,7.539808880118776,4.633204633204634,0.1544401544401544,4,12,13748.29175,3501.056004393816,1.0772665803751054,880.9195428641232,-283.3190909090909,1.4545454545454546,6.641025641025641,0.0,1
100,0.6778523489932886,784.1954455445542,579.0529166666666,2.849615068283194,2.414495842682853,2.986577181208053,1.4236732903246774,33.111111111111114,1.1037037037037036,3,12,13949.480536912752,4904.145088081761,1.0139929474417342,869.7198997106915,1121.064583333333,0.0,0.9121621621621622,0.3851351351351351,2
101,0.578125,3233.69527027027,2107.7114814814813,2.1024510347452505,1.9490430331940785,8.125,4.10300446859266,7.370441458733205,0.2456813819577735,6,12,48024.226015625005,19954.60363352937,0.9131804233347162,3584.617850301849,1499.9875471698113,0.5094339622641509,4.102362204724409,0.0,3
102,0.7225806451612903,671.5088392857142,389.99790697674416,4.484758117366163,3.0642478643235416,17.761290322580646,7.718323509984267,4.899894625922023,0.1633298208640674,2,13,12853.058387096777,3029.7112135590683,1.0147621252029984,656.2636546913567,-840.7169047619044,0.0,6.162337662337662,0.0,1
103,0.4651162790697674,687.4770000000001,509.9369565217392,1.1723137131188424,0.3603950415399106,3.2790697674418605,1.3331948986827675,31.46341463414634,1.048780487804878,4,3,13260.310930232556,5732.949258007574,0.8266169299354311,827.6509100100241,-793.2878260869567,0.0434782608695652,0.9761904761904762,0.3095238095238095,2
104,0.4723926380368098,1516.2006493506492,1347.9210465116282,1.0071275998585587,-0.0265040618611528,5.662576687116564,2.910646398225408,12.225,0.4075,7,8,28214.338957055214,13279.238790294468,1.143479032926458,1926.018855361537,6607.466511627907,0.2674418604651162,2.469135802469136,0.1790123456790123,0
105,0.5324675324675324,687.9448780487805,613.9222222222221,1.2762085316634393,1.073041903535193,3.051948051948052,1.2967175553367525,30.8,1.0266666666666666,6,4,13441.526493506495,5438.451408188094,1.0925422721251254,836.2904609863572,-1002.4288571428576,0.0857142857142857,0.986842105263158,0.3289473684210526,2
106,0.6176470588235294,754.86126984127,450.74358974358967,2.7052881278798577,2.328433965262888,15.245098039215684,6.753710054129037,4.849445324881141,0.161648177496038,6,8,13086.773431372549,3137.9543182968446,0.9920069515228492,789.5728487295538,-716.1581578947369,0.1842105263157894,6.247524752475248,0.0,1
107,0.5503875968992248,838.9049295774647,580.2450000000001,1.7698305798888156,1.06966713690206,2.984496124031008,1.4414862996012083,29.76923076923077,0.9923076923076924,7,7,13873.893875968992,4931.175765053451,1.0752419103933422,919.2168129089152,681.4055172413792,0.0344827586206896,1.015625,0.3046875,2
108,0.5061728395061729,570.360731707317,514.70225,1.1358406729327486,0.411140913381498,3.061728395061728,1.3815360926550715,31.558441558441555,1.051948051948052,6,7,13467.646419753088,4556.558026366313,1.0675721761820511,726.5216757558487,801.7269230769232,0.0769230769230769,0.9625,0.375,2
109,0.5686274509803921,659.2265517241378,726.0809090909091,1.1968093963983475,0.3321386839267605,2.9019607843137254,1.4457510430331264,27.81818181818182,0.9272727272727272,3,5,14518.2862745098,4210.464944791233,1.0896527030379972,905.3931049003944,676.9245454545458,0.2272727272727272,1.1,0.26,2
110,0.5192307692307693,1535.9576543209876,1115.7144,1.486791123845553,0.8297314543961807,5.769230769230769,2.772785146559796,11.878172588832488,0.3959390862944162,6,6,27514.73346153846,14010.05454342866,0.9548745844768464,1904.4479332844755,5219.284666666666,0.4,2.541935483870968,0.1806451612903225,0
111,0.5735294117647058,636.6848717948718,501.5210344827586,1.707269128190037,1.0433916531069627,17.13235294117647,7.864343131406379,4.77751756440281,0.1592505854800937,3,5,13540.698529411764,3161.3110343470435,1.0838386767682395,791.9661810485791,-1223.4232142857145,0.0357142857142857,6.373134328358209,0.0,1
112,0.5862068965517241,3171.1698039215694,2746.868611111111,1.6354952462536383,1.6144016299369368,8.471264367816092,4.15408171849391,6.9322709163346605,0.2310756972111553,3,7,47000.32109195402,19590.60673843348,1.001801082395188,3764.739141031133,525.5093055555558,0.2638888888888889,4.3526011560693645,0.0,3
113,0.6067415730337079,1155.8111111111111,1397.163714285714,1.2763367745225889,0.9940118894755624,5.640449438202247,2.731329974952412,11.8141592920354,0.3938053097345133,4,6,26042.74820224719,13261.228522481906,0.8107788167817277,1869.602271536864,6347.228529411767,0.1764705882352941,2.5681818181818183,0.2159090909090909,0
114,0.6532258064516129,657.2024691358026,425.23348837209306,2.911308917016316,2.160317522522773,17.725806451612904,7.1492096438235855,4.626865671641791,0.154228855721393,4,15,13445.22443548387,2875.9100139668203,1.0071377417208456,704.5863993104838,-884.9451162790698,0.0697674418604651,6.536585365853658,0.0,1
115,0.5543478260869565,725.0794117647059,565.010243902439,1.596303887432216,1.1142130575704072,2.9347826086956523,1.3970482841568674,25.321100917431192,0.8440366972477065,5,9,12912.107173913042,4655.511609439149,0.9963891977429086,885.495614095441,-308.29699999999985,0.05,1.1978021978021978,0.1978021978021978,2
116,0.5775862068965517,3453.369552238806,2013.660408163265,2.3449605835083966,2.101678403596716,8.068965517241379,3.850971956207453,8.018433179723502,0.2672811059907834,5,15,47186.14327586207,20224.233623592303,0.9489615851305936,3725.877132257987,3824.329591836734,0.3061224489795918,3.773913043478261,0.0,3
117,0.5766871165644172,1346.4301063829785,1527.8466666666668,1.200557059466662,0.8532063534896182,5.085889570552148,2.9781068910293884,11.9559902200489,0.3985330073349633,6,8,26677.43883435583,12070.996434005903,1.029572023071612,1954.3074876676449,3553.0091304347834,0.4347826086956521,2.5246913580246915,0.1543209876543209,0
118,0.6582278481012658,3011.6048076923075,2038.303148148148,2.845566805431933,2.3405652495517386,8.518987341772151,3.915869263523837,7.886855241264558,0.2628951747088186,5,9,48014.60518987342,20268.49999583913,1.0512490582205427,3262.1403713050063,3654.848490566037,0.2075471698113207,3.828025477707006,0.0,3
119,0.6666666666666666,816.0107692307694,430.1373076923077,3.794187365930557,3.0368805989545864,18.06410256410257,7.7448596167296975,4.727272727272728,0.1575757575757575,4,10,13384.238846153845,3211.6411787761003,0.9228069461329084,782.8239371627282,-83.48384615384629,0.2307692307692307,6.428571428571429,0.0,1
120,0.5426829268292683,2624.178202247191,2529.208266666666,1.2312251391239064,0.4768540991208864,8.670731707317072,4.222507259849209,7.675507020280811,0.2558502340093603,5,8,48391.18713414634,20403.53627403564,1.0386693329283885,3553.984381359054,2314.478108108108,0.4054054054054054,3.932515337423313,0.0,3
121,0.6857142857142857,704.34625,462.2240909090909,3.3246978787345376,2.7579345194424185,17.757142857142856,7.707394744491293,4.783599088838269,0.1594533029612756,2,6,13268.67442857143,3122.301985670762,0.9613490327602509,720.718843031025,-509.0045454545455,0.2272727272727272,6.36231884057971,0.0,1
122,0.6036585365853658,1292.6422222222225,1151.7027692307693,1.7094632322335304,1.1038847646787933,5.530487804878049,3.0141258039128958,11.576470588235294,0.3858823529411764,4,5,25425.324024390244,13173.840552369023,0.8629471753421761,1725.730091372685,8718.79123076923,0.3692307692307692,2.607361963190184,0.1349693251533742,0
123,0.5759493670886076,688.6883516483516,539.3129850746267,1.7343967463303929,1.3273100234394704,3.069620253164557,1.3782527876240869,25.76086956521739,0.8586956521739131,4,10,13929.58575949367,4982.034740767637,0.9391390442033568,814.4451600015558,159.1543939393941,0.0909090909090909,1.1719745222929936,0.2611464968152866,2
124,0.574468085106383,905.1403703703704,558.0215,2.1897713618561294,2.0378855706488785,3.042553191489361,1.443989744762311,27.647058823529413,0.9215686274509804,5,6,15251.795106382977,5005.760425007708,0.883253895905538,992.8121307861676,-1307.372631578947,0.0526315789473684,1.108695652173913,0.3043478260869565,2
125,0.4552845528455284,1376.3864285714287,1700.6520895522387,0.6764537816881304,-0.9233396489209932,5.642276422764228,2.939638879630673,11.181818181818182,0.3727272727272727,5,9,28370.383821138214,12945.147388475343,0.9776887690819506,2193.5913269660227,5875.992575757576,0.2272727272727272,2.7049180327868854,0.1475409836065573,0
126,0.6256983240223464,3221.2937500000003,2050.579253731343,2.626013719749083,2.1938771858511936,8.441340782122905,4.331835429953899,7.489539748953975,0.2496513249651325,4,10,49281.60346368715,19874.56848735977,1.0260897031480485,3685.4040586143096,4596.054029850745,0.5373134328358209,4.02808988764045,0.0,3
127,0.6190476190476191,2889.194615384616,2952.489375,1.5901636394542489,1.6674774376120265,6.690476190476191,3.751345093644999,8.689655172413794,0.2896551724137931,3,8,48750.61714285714,22568.226930663783,1.182401194595584,3921.403590631867,-4511.076666666666,0.2666666666666666,3.5365853658536586,0.0,3
128,0.5367647058823529,1330.8836986301371,1660.8800000000003,0.9285048163413848,0.1766208317730248,5.485294117647059,2.8388450810735537,11.791907514450868,0.3930635838150289,6,7,27269.778161764705,13431.54067067933,0.8862395661731702,2118.2213210622067,7878.713225806452,0.2096774193548387,2.562962962962963,0.1407407407407407,0
129,0.6442953020134228,728.7846874999999,472.9284905660378,2.791252496986859,2.4639198881005937,18.308724832214764,6.624992941208949,4.538071065989848,0.1512690355329949,4,7,13346.81523489933,2869.31566673008,1.0319144716101645,706.4657279051946,-412.72018867924527,0.1698113207547169,6.655405405405405,0.0,1
130,0.6329113924050633,717.6148,505.94827586206895,2.445441472141761,2.024767893431533,3.1012658227848102,1.446436263486837,31.6,1.0533333333333332,3,8,13560.237974683543,5165.371899866376,1.1128462641752743,769.7606605825141,1665.2513793103446,0.0344827586206896,0.9615384615384616,0.358974358974359,2
131,0.5116279069767442,731.3854545454546,494.4180952380952,1.5497275296211614,0.9530672796817604,3.2790697674418605,1.452839279207128,28.666666666666668,0.9555555555555556,4,5,13488.106279069769,5210.741367177001,1.0602109868719651,824.1772679042548,42.64800000000041,0.1,1.0714285714285714,0.3571428571428571,2
132,0.588957055214724,2657.0906250000003,2794.5107462686574,1.362376091038177,1.1221348830497528,8.368098159509202,3.965837222982573,7.925445705024312,0.2641815235008103,4,14,46306.479018404905,18646.62950787053,1.017380854299068,3726.5200634756734,-280.543134328358,0.2537313432835821,3.808641975308642,0.0,3
133,0.6688311688311688,692.5504854368933,516.506862745098,2.707960906314477,2.261713747447192,17.753246753246753,7.592834331166783,4.6339017051153455,0.1544633901705115,5,9,13124.376623376624,3129.975566020485,1.0699666918474648,757.3596705449371,-1113.4896078431373,0.1372549019607843,6.516339869281046,0.0,1
134,0.5,1179.7276000000002,1059.0839999999998,1.113913155141613,0.1297728917495276,5.38,2.954691875920847,14.150943396226417,0.4716981132075472,3,3,28415.322,16086.851240609838,0.7287867703577349,1771.2485879725218,9890.936666666666,0.5,2.163265306122449,0.2244897959183673,0
135,0.5819672131147541,636.1232394366198,552.4488235294118,1.603014244243722,0.9887546302909068,2.836065573770492,1.427942261823832,28.59375,0.953125,4,7,13750.830245901638,5058.328888302324,0.9533233052878268,776.6438510521954,-493.0394117647059,0.1176470588235294,1.0578512396694215,0.2892561983471074,2
136,0.6025641025641025,695.2097872340427,724.8222580645162,1.4541878787636038,0.999142536010654,2.8205128205128207,1.402628235622671,30.0,1.0,4,7,13489.483076923076,5331.808033749588,1.1075847233572371,929.2558774130208,-1495.9353333333338,0.1666666666666666,1.0129870129870129,0.3506493506493506,2
137,0.7272727272727273,742.7637500000001,436.4275,4.538447584841316,2.8504154258926166,19.65909090909091,7.236673981680033,4.6643109540636045,0.1554770318021201,3,8,13408.525454545454,2788.6877457973405,0.9653811166280684,702.1914237724702,430.0327272727272,0.0909090909090909,6.5813953488372094,0.0,1
138,0.5739130434782609,601.7713636363637,588.0536734693878,1.3783591876765378,0.9594535494293128,3.260869565217391,1.364248758775314,27.82258064516129,0.9274193548387096,5,5,13975.415913043476,4741.082924933903,0.9011281974834976,802.2945910812501,-481.4973469387755,0.0204081632653061,1.087719298245614,0.2982456140350877,2
139,0.5086206896551724,1794.8147457627117,1453.703859649123,1.2779705367245815,0.5488115162024688,5.689655172413793,2.9530052285866293,11.40983606557377,0.380327868852459,5,7,28757.983879310344,12267.71429489439,0.9915882726094812,2215.12531684111,5178.761578947369,0.4385964912280701,2.652173913043478,0.1913043478260869,0
140,0.6176470588235294,800.7404761904761,378.1996153846154,3.420161717611476,2.743186446514923,16.63235294117647,7.672210780579025,4.678899082568807,0.1559633027522936,3,5,13550.498529411769,3224.027699392724,1.0507808426903538,760.145441036978,-885.0465384615387,0.0769230769230769,6.507462686567164,0.0,1
141,0.54,2942.2725925925934,2907.6258695652177,1.187901170527666,0.0632131763202592,8.61,3.7440727567824874,8.522727272727273,0.2840909090909091,5,6,48901.4258,20351.57354605772,1.068506821542015,4371.288532759518,3176.3426666666664,0.0444444444444444,3.555555555555556,0.0,3
142,0.6331360946745562,646.037476635514,658.1416129032258,1.6940664794663765,1.411553588310164,2.970414201183432,1.4117956967355212,30.914634146341463,1.0304878048780488,4,7,13656.48325443787,4984.956895000095,0.9821432405604122,811.6275648571497,473.5814516129032,0.064516129032258,0.9761904761904762,0.3511904761904761,2
143,0.4677419354838709,718.0327586206896,681.7393939393938,0.925571399361704,-0.0842410859079747,3.3225806451612905,1.2116131172320468,30.0,1.0,5,4,14883.767096774194,5167.574810211499,0.9276340489477491,876.1669408358601,-1016.5551515151516,0.0606060606060606,1.0163934426229508,0.3442622950819672,2
144,0.6533333333333333,3217.495918367347,2178.962692307692,2.7828573334912536,2.1549508077057755,7.88,3.85886133604342,6.77710843373494,0.2259036144578313,3,7,53243.1672,19469.60325989919,0.9614990963022898,3452.248456939661,6135.636153846154,0.3461538461538461,4.486486486486487,0.0,3
145,0.627906976744186,1485.805925925926,1230.3525,2.0378692285341,1.7173329128298964,4.976744186046512,3.210758492890391,10.932203389830509,0.3644067796610169,3,8,23961.86651162791,11195.712400174383,0.6858555279135927,1739.2912097362798,6843.068,0.4,2.8095238095238093,0.0952380952380952,0
146,0.5367647058823529,551.4857534246577,553.5853968253967,1.1543353171303494,0.4465461095638097,3.0588235294117645,1.4182133041382945,29.142857142857142,0.9714285714285714,8,9,13551.879264705882,4828.565637550277,0.9132358648469489,719.7558419246958,-473.5052380952382,0.0634920634920634,1.037037037037037,0.3481481481481481,2
147,0.6198347107438017,2949.606933333333,1639.9391304347828,2.932512341391249,2.6957775498425094,7.975206611570248,3.824183594610653,7.960526315789474,0.2653508771929824,6,10,48350.75909090909,20965.356789002104,1.0516032178484191,2987.420663059965,-3148.958260869565,0.0869565217391304,3.8,0.0,3
148,0.5977011494252874,715.7901923076926,651.2745714285714,1.632889968286363,1.015681849332864,2.8160919540229883,1.529011959679023,29.65909090909091,0.9886363636363636,4,8,13333.14321839081,4995.259440796703,0.8428077224227564,941.2827140982516,1635.701714285714,0.0857142857142857,1.0232558139534884,0.3372093023255814,2
149,0.564625850340136,3326.463253012049,2656.268125,1.62408568270946,1.3531109719864205,9.07482993197279,4.06638144039931,7.736842105263157,0.2578947368421053,4,6,49419.282380952376,19858.95662792485,1.1522406146529205,4014.9773272365737,-1994.8078125,0.265625,3.904109589041096,0.0,3
150,0.5886524822695035,2797.5197590361445,2146.619655172414,1.8649541532581213,1.7556870790668802,8.48936170212766,4.0171365446343845,7.580645161290322,0.2526881720430107,4,10,49973.33283687943,20917.203426903838,1.0230048440625088,3348.8815676569952,-1780.809137931035,0.7413793103448276,3.9857142857142858,0.0,3
151,0.5130434782608696,1648.2166101694916,1213.958392857143,1.430455886123421,0.7236660890658825,5.304347826086956,3.0034305328532334,11.815068493150688,0.3938356164383562,6,7,27264.69582608696,12341.530633533488,0.8755817797028536,1915.1048553692608,5602.892678571428,0.4821428571428571,2.56140350877193,0.1491228070175438,0
152,0.7058823529411765,742.9899999999999,555.7560000000001,3.208559151858009,2.784644214320825,17.49264705882353,7.532641387621596,4.673539518900343,0.1557846506300114,4,10,13658.18948529412,3152.6797370360205,1.0154534493598044,792.2742497173195,-1319.8484999999996,0.25,6.466666666666667,0.0,1
153,0.6640625,695.7494117647059,491.73627906976753,2.7968621864811256,2.3266938219453066,17.0234375,7.073812015950655,4.565992865636147,0.1521997621878715,3,8,13109.138359375,3119.7325591872764,1.02256979121773,721.9507793683792,511.41465116279056,0.0697674418604651,6.622047244094488,0.0,1
154,0.5,4082.633571428572,2860.813571428572,1.427088298308748,1.510640604925834,7.410714285714286,4.030685868612012,8.195121951219512,0.2731707317073171,8,5,51625.36732142857,20228.78780333049,0.880517301585761,4306.417154066286,-2205.4185714285704,0.3571428571428571,3.727272727272727,0.0,3
155,0.4946236559139785,1418.4321739130432,1299.5027659574469,1.0682953529033936,0.6059860693157391,5.387096774193548,2.79763975858112,13.160377358490566,0.4386792452830189,6,6,27899.64096774193,13204.4913234037,1.075135332351818,1961.1813299552111,3778.837021276596,0.2553191489361702,2.3043478260869565,0.2282608695652173,0
156,0.5471698113207547,691.538448275862,602.7641666666667,1.3862950131131992,0.740362074277388,2.830188679245283,1.4894658557649678,31.485148514851485,1.0495049504950495,5,5,13992.98924528302,4703.930976241386,0.8441966926485521,839.5943784824148,671.5595744680852,0.1276595744680851,0.961904761904762,0.3714285714285714,2
157,0.6384180790960452,759.0384070796459,423.28875,3.1661063222209425,2.451744986564412,17.548022598870055,7.826180497618527,4.447236180904523,0.1482412060301507,4,10,13250.32638418079,3132.785845231414,0.9762911845392608,748.9025796718319,-44.85046875000003,0.296875,6.784090909090909,0.0,1
158,0.6666666666666666,746.5682926829269,460.94951219512205,3.2392627519124093,2.6052657814471183,16.585365853658537,6.886583331958221,4.629861982434128,0.1543287327478042,5,12,13396.019593495934,3075.213625399321,1.0710983322128795,719.8562544054824,-412.7785365853658,0.0975609756097561,6.532786885245901,0.0,1
159,0.5842696629213483,1369.0434615384618,1081.299189189189,1.7793975065530534,1.133507406377323,5.685393258426966,2.8268015398791486,13.217821782178218,0.4405940594059406,6,5,25609.352471910115,13216.740733105677,1.0870921630655273,1796.243493748725,10784.563333333334,0.3611111111111111,2.2954545454545454,0.2045454545454545,0
160,0.5986842105263158,3203.168461538461,2384.903114754098,2.003644166319709,2.011119336796555,8.822368421052632,4.006785591627572,7.63819095477387,0.254606365159129,4,7,49185.53888157895,19751.277587379973,1.065729291514689,3853.627386743445,-1555.4514754098366,0.360655737704918,3.95364238410596,0.0,3
161,0.5285714285714286,1426.8075675675675,1316.0063636363636,1.215612616776054,0.7152327673638647,5.357142857142857,2.7664434043968527,10.824742268041238,0.3608247422680412,4,7,28427.149714285715,13453.541710050858,0.9155503840167876,1971.915869207907,8367.063636363637,0.4848484848484848,2.8115942028985508,0.1014492753623188,0
162,0.6346153846153846,2756.462121212121,3333.7584210526315,1.436078704278923,1.6201748632597288,7.615384615384615,3.990939965716692,6.964285714285714,0.2321428571428571,3,7,52086.04461538461,22688.8195522501,1.0033419181373402,3843.7035030925153,-5117.414210526316,0.631578947368421,4.392156862745098,0.0,3
163,0.6880733944954128,700.4829333333332,586.8149999999999,2.633168786033879,2.4163100420430004,16.3302752293578,7.974560298886983,4.691535150645624,0.1563845050215208,6,11,12754.932844036695,3067.1724298345557,1.019392596590849,751.5016958993523,-1497.7988235294115,0.2058823529411764,6.453703703703703,0.0,1
164,0.4107142857142857,1376.8647826086956,1428.57,0.6717437929559142,-0.7782722731573847,5.214285714285714,2.7942426894942765,12.352941176470589,0.4117647058823529,5,5,29166.21017857143,14495.225670041153,0.9539394434303003,1856.0712772272648,5855.55875,0.40625,2.4727272727272727,0.2363636363636363,0
165,0.6037735849056604,786.6189583333331,534.4915873015873,2.242612398015381,1.7476507955319376,2.893081761006289,1.4168569019539696,30.0,1.0,4,9,13191.860440251572,4502.615062682645,1.031066471973296,850.9166837783089,584.6896825396825,0.0952380952380952,1.0063291139240509,0.3291139240506329,2
166,0.5591397849462365,2660.6449999999995,2609.348292682927,1.2932258199599038,0.8969299518598146,8.526881720430108,4.169223152144728,7.342105263157895,0.2447368421052631,4,6,50508.522688172045,22170.555221494556,0.8445545559420344,3526.142747238601,995.570731707316,0.1707317073170731,4.130434782608695,0.0,3
167,0.5523255813953488,1340.5464210526316,1460.5237662337663,1.1324162929274704,0.6968934781599712,5.761627906976744,2.992414136389061,13.298969072164947,0.4432989690721649,6,7,27185.670697674414,13033.336456468938,0.9929330537596608,1902.7087935494387,6321.41907894737,0.2763157894736842,2.2690058479532165,0.175438596491228,0
168,0.5483870967741935,1473.862,1373.1407142857145,1.3033548221309124,0.7020685203160814,5.445161290322581,2.9457033104671324,12.567567567567568,0.4189189189189189,5,8,27409.397548387096,12711.29830045948,1.0608397569044823,1997.6838165758445,5872.540571428573,0.2857142857142857,2.4025974025974026,0.1623376623376623,0
169,0.593939393939394,611.2078571428572,703.8317910447761,1.2701977003070402,0.8643638118123049,2.933333333333333,1.401799076332448,26.61290322580645,0.8870967741935484,4,9,13244.019636363637,4947.32438485174,1.0770485313006877,843.528316888822,-890.1483333333333,0.0757575757575757,1.1341463414634143,0.2560975609756097,2
170,0.5428571428571428,3385.1487719298248,2147.0716666666663,1.872254302953713,1.9838645749740969,9.2,3.9865157333576016,7.645631067961165,0.2548543689320388,4,5,49965.213238095246,19573.133528964296,1.0361558115936844,3868.700162339427,-3383.2431249999995,0.25,3.9615384615384617,0.0,3
171,0.5324675324675324,2513.127073170732,1959.8275000000008,1.4604206237538755,1.1187347839766149,8.467532467532468,4.20395933547492,9.166666666666666,0.3055555555555556,4,9,46741.12415584415,18665.266569869076,0.9071473534583814,2916.0621516928454,-3828.115,0.25,3.3157894736842106,0.0,3
172,0.6428571428571429,750.2153086419753,455.5686666666666,2.9641800553057256,2.245512459588565,17.72222222222222,7.489340573256248,4.833759590792839,0.1611253196930946,6,15,14005.899285714284,2934.161607675808,0.976663897515914,797.1024383938623,-944.7813636363634,0.0,6.256,0.0,1
173,0.5267857142857143,1636.2466101694918,1153.3601886792453,1.5792829450421242,1.3253511182910582,5.642857142857143,2.915807006976028,11.830985915492958,0.3943661971830985,7,9,25992.192142857148,12100.539012929905,0.9768773452378728,1849.0538216173716,6103.786792452832,0.4339622641509434,2.558558558558558,0.0990990990990991,0
174,0.6181818181818182,2649.143823529412,2843.3519047619047,1.5084625975479309,1.654731938395251,7.618181818181818,3.997642402860063,7.366071428571429,0.2455357142857142,4,6,48929.77018181816,21891.38818277208,1.2919179954548068,3636.657520145985,-12419.574761904763,0.1904761904761904,4.148148148148148,0.0,3
175,0.5,1874.8125806451608,1183.9148387096775,1.583570472592841,0.3596275756953191,5.596774193548387,2.946458132373966,13.285714285714285,0.4428571428571428,5,4,28180.80580645161,13504.320797399798,1.0682584980959895,2146.610464508012,9596.67262295082,0.3278688524590163,2.2764227642276422,0.1707317073170731,0
176,0.5808823529411765,750.3788607594935,701.9080701754385,1.4816737634458053,1.388399260111516,2.9558823529411766,1.4239623749649792,26.666666666666668,0.8888888888888888,5,9,13835.59573529412,5190.400299536405,1.0745438718702494,970.1401804271434,-952.2338596491228,0.1052631578947368,1.1333333333333333,0.2444444444444444,2
177,0.4878048780487805,664.6045,607.39873015873,1.0420776917022163,0.1658636407401376,2.926829268292683,1.4209828721947255,30.000000000000004,1.0,7,8,14167.59430894309,4466.814273427085,1.0563781124128524,856.261253916461,-427.3495161290322,0.1451612903225806,1.0081967213114753,0.3852459016393442,2
178,0.4888888888888889,3734.7042424242422,2110.4402898550725,1.6926921904749872,1.5569093327694443,8.525925925925925,4.033127059127829,7.363636363636364,0.2454545454545454,6,6,49194.93074074075,20801.75760840446,1.1445720332643876,4108.288032234768,-1263.0589855072456,0.4347826086956521,4.104477611940299,0.0,3
179,0.6825396825396826,671.4176744186047,765.0894999999998,1.8867701099021756,1.8251165653801595,16.92063492063492,6.616942055890995,4.7368421052631575,0.1578947368421052,3,6,13460.607301587304,2853.4833321060623,0.99234741406168,876.463994066226,-1099.4525,0.1,6.435483870967742,0.0,1
180,0.5549132947976878,704.2352083333332,552.7663636363636,1.588388133264071,1.071399941704256,2.9421965317919074,1.4495828696678272,31.646341463414632,1.054878048780488,5,11,13910.590982658958,4882.293605151367,0.9962444123651556,869.9080746150951,-601.2718181818183,0.0909090909090909,0.9534883720930232,0.3255813953488372,2
181,0.6923076923076923,709.7085714285715,568.3760714285714,2.8094854199275763,2.45130133545705,18.25274725274725,7.49754538587042,4.954627949183303,0.1651542649727767,3,7,13566.17791208791,3073.2315711614333,1.053477636998719,733.5799343260169,-1230.1951851851854,0.1851851851851851,6.122222222222222,0.0,1
182,0.610738255033557,642.2207692307693,639.3648275862068,1.5759738382597386,0.915667236331276,3.0134228187919465,1.3900543309487217,31.702127659574465,1.0567375886524824,4,8,13627.316979865773,4886.6687356761495,1.0513586954813363,829.9210152733812,-129.75137931034482,0.0689655172413793,0.9527027027027029,0.3581081081081081,2
183,0.5433070866141733,1353.8610144927536,1500.677931034483,1.0732667718451845,0.4471793199155612,5.31496062992126,2.959249120229751,11.795665634674922,0.3931888544891641,5,8,26792.326535433072,12550.371252569625,1.0357939347484049,1892.0343968277773,6315.243103448276,0.3793103448275862,2.563492063492064,0.1746031746031746,0
184,0.6818181818181818,729.9879999999999,470.79678571428576,3.3225800333932365,2.734672998495744,17.244318181818183,7.621958622739515,4.5438898450946645,0.1514629948364888,4,11,13548.026931818184,3430.0641017155044,1.0358485846772485,775.0770654380034,-708.862909090909,0.0909090909090909,6.64,0.0,1
185,0.7011494252873564,671.7722950819672,461.29307692307697,3.4166590237142747,2.475323156711036,17.89080459770115,8.085856233274313,4.64,0.1546666666666666,4,14,13494.588045977009,3141.7969619865007,1.0065907005222978,746.6110026207689,-1340.586346153846,0.0769230769230769,6.502890173410405,0.0,1
186,0.5251798561151079,1503.7772602739726,1273.1192424242424,1.3064516916040263,0.6414560293339492,5.223021582733813,2.916825665565037,11.680672268907562,0.3893557422969187,4,9,27493.44489208633,13831.497615032453,0.978336574564288,1822.4513955986697,5623.543076923078,0.4461538461538462,2.5869565217391304,0.1956521739130435,0
187,0.6114285714285714,693.167570093458,727.1051470588236,1.5000850471703362,1.0899151852290565,3.08,1.357990401672443,32.20858895705521,1.0736196319018405,4,8,14166.313714285716,5281.997406012458,0.9947966507041508,909.3040259934528,-1117.1294117647058,0.0294117647058823,0.9367816091954024,0.3620689655172414,2
188,0.7307692307692307,687.0605263157895,347.49285714285713,5.366667351846904,3.005846740500095,16.826923076923077,6.9528415797559,4.85981308411215,0.1619937694704049,3,21,13413.168653846153,3017.183370549056,0.919423801435386,669.3015775946886,-794.2823076923075,0.0,6.294117647058823,0.0,1
189,0.4942528735632184,1665.5691860465115,1323.3262499999998,1.2300181764769578,0.4979814796282787,5.114942528735632,2.9794102196229324,11.863636363636363,0.3954545454545454,8,8,27692.200804597695,11779.490479684093,1.0157923607789707,1992.658438663132,4923.6218181818185,0.4090909090909091,2.543352601156069,0.1849710982658959,0
190,0.6039603960396039,3090.642459016393,2471.7875,1.9068102537131528,1.710608425484314,8.435643564356436,4.1458795003814535,8.058510638297873,0.2686170212765957,4,8,50579.54346534654,20521.84423509897,1.095426072025632,3666.466400952147,931.6442499999994,0.425,3.76,0.0,3
191,0.5666666666666667,2534.047352941176,2131.6626923076924,1.554539675872373,0.949058921397014,8.0,3.914336967904665,7.258064516129031,0.2419354838709677,5,4,47500.82433333334,15317.518114910945,1.0080362895038968,2974.195504663271,2086.436400000001,0.72,4.203389830508475,0.0,3
192,0.4509803921568627,559.7182608695653,561.725,0.8184940521226071,-0.3637074784822922,2.9019607843137254,1.3304871583113351,33.26086956521739,1.108695652173913,5,4,14712.020196078432,5452.719947825485,1.0564738990881857,720.0186969130133,183.78357142857163,0.0,0.92,0.3,2
193,0.525974025974026,748.5291358024691,687.0760273972602,1.2088323459249093,0.2461048662233999,2.896103896103896,1.4242017884531275,30.0,1.0,6,6,14641.386363636364,4754.701791774161,0.987383684838987,920.3899620640702,346.14876712328766,0.0684931506849315,1.0065359477124185,0.3398692810457516,2
194,0.5714285714285714,679.394375,577.1458333333334,1.5695498682453164,0.6970279607496089,3.142857142857143,1.5066950156318533,36.52173913043478,1.2173913043478262,5,7,14150.485,4965.815535303524,0.9323775415386578,811.4189654935343,-317.4839130434783,0.0434782608695652,0.8363636363636363,0.3818181818181818,2
195,0.5420560747663551,3060.828275862069,2727.247346938776,1.328453478396996,0.8960955261431592,7.841121495327103,3.9624404827630224,6.743697478991597,0.2247899159663865,5,5,48714.24588785047,20225.349608358523,1.0377002251317478,3596.792635369356,523.046734693878,0.3877551020408163,4.490566037735849,0.0,3
196,0.5384615384615384,1799.8590476190473,1341.5797222222222,1.565196253918732,0.6543308275032161,5.615384615384615,3.046099354702876,12.857142857142858,0.4285714285714285,4,6,28940.90230769231,13865.351857955364,0.9423694614646289,2291.6465271636216,10240.76285714286,0.3142857142857143,2.363636363636364,0.2077922077922078,0
197,0.5087719298245614,1343.7525862068967,1205.21625,1.154766831263684,0.435616116997924,5.745614035087719,2.7581300690923483,11.91637630662021,0.397212543554007,7,4,28904.248596491227,15068.90398452124,1.0144361251890306,1678.9642068908026,7140.140181818181,0.2,2.5398230088495577,0.2035398230088495,0
198,0.75,723.6520512820513,542.9830769230769,3.998202238913807,3.1425047937572805,17.884615384615383,8.069924425998504,4.890282131661443,0.1630094043887147,2,10,13313.982307692308,2894.225487951534,1.0162354335017658,736.1300196342693,-1287.9792307692303,0.2307692307692307,6.254901960784314,0.0,1
199,0.5621301775147929,1432.7737894736842,1451.322027027027,1.2673767244645449,0.7361233520730821,5.715976331360947,2.9664461500828265,11.901408450704226,0.3967136150234742,4,8,27016.94970414201,12582.399175065157,0.965785107461572,1897.4963443967124,6886.732054794521,0.273972602739726,2.5357142857142856,0.1666666666666666,0
200,0.5913978494623656,2195.5534545454543,2489.7436842105267,1.27634613835751,0.8390214861541077,8.35483870967742,3.9166455292716416,7.837078651685393,0.2612359550561798,4,10,47273.22215053764,20509.68786215505,1.0071739823770165,3002.330047579012,949.7013513513529,0.1351351351351351,3.869565217391304,0.0,3
