trader_id,win_rate,avg_profit,avg_loss,profit_factor,avg_return_pct,avg_holding_days,holding_variance,trades_per_month,avg_trades_per_day,max_loss_streak,max_win_streak,avg_position_size,position_size_variance,risk_escalation_ratio,pnl_std,post_loss_position_change,post_loss_trade_delay,avg_gap_between_trades,same_day_trade_ratio
1,0.6086956521739131,754.7496428571428,526.7722222222222,2.228771659688459,1.9036329686199138,17.67391304347826,8.740847525208137,4.6,0.15333333333333332,4,4,13876.832608695653,3247.494696008968,1.0233982674137065,828.7831215696273,-1148.4083333333333,0.1111111111111111,6.666666666666667,0.0
2,0.6646341463414634,672.9574311926608,452.50618181818174,2.9473172440838593,2.3015010171808705,17.835365853658537,7.806146264145439,4.509624197983501,0.15032080659945005,5,10,13109.716280487806,3114.6875017826305,1.0126775385908686,699.5235837088668,-696.127818181818,0.07272727272727272,6.693251533742331,0.0
3,0.6122448979591837,711.4873333333331,779.2800000000001,1.4415884568211408,1.4256630589337427,3.1122448979591835,1.3072569302454402,28.823529411764707,0.9607843137254902,4,8,13892.82612244898,4984.62265004933,1.0685241989612657,1029.1537776984235,-879.5370270270269,0.02702702702702703,1.0515463917525774,0.3402061855670103
4,0.5733333333333334,558.5604651162789,537.1621875000001,1.39727933660632,0.5760558674827513,2.9466666666666668,1.4786163485861727,34.090909090909086,1.1363636363636365,5,6,14046.487866666665,4918.204724586954,1.056018175500637,722.5281606263455,367.2078125000002,0.125,0.8918918918918919,0.3918918918918919
5,0.46258503401360546,1497.6298529411763,1591.1475949367089,0.8101694135893955,-0.45105862020774673,5.421768707482993,2.6064334789869346,11.79144385026738,0.393048128342246,7,8,27731.955510204083,13878.213293113899,1.0289336559467346,2083.3725401802444,3195.586666666666,0.3717948717948718,2.5616438356164384,0.1643835616438356
6,0.5534591194968553,699.4057954545455,678.3961971830986,1.2778213653453163,0.9325421194556963,2.9685534591194966,1.3660503152871737,24.58762886597938,0.8195876288659794,5,8,13549.743899371071,4861.872353220909,1.0213699573270296,908.1846003069326,-81.17309859154929,0.09859154929577464,1.2278481012658229,0.23417721518987342
7,0.5649717514124294,2615.9880999999996,2955.085454545454,1.1496747539504648,0.6013383668573083,8.220338983050848,4.039863000926613,7.510608203677511,0.25035360678925034,6,13,50483.83587570621,21077.74776034234,0.8707881174778633,3860.095561009865,-1745.655064935065,0.2857142857142857,4.017045454545454,0.0
8,0.4899328859060403,619.4409589041095,638.8711842105262,0.9313134741560001,-0.10891998351669015,2.7114093959731544,1.3915541671747418,33.86363636363636,1.128787878787879,7,5,13493.809463087247,4925.542790634758,1.0592959215935802,837.418695051928,-1182.0487999999998,0.06666666666666667,0.8918918918918919,0.39864864864864863
9,0.6024096385542169,3167.3920000000003,2448.204696969697,1.9602440898095332,1.887102281841987,8.409638554216867,4.076647893844077,7.929936305732484,0.2643312101910828,4,8,46281.550843373494,19539.428561516834,0.98496170760969,3864.3445806273444,4505.329545454545,0.3939393939393939,3.806060606060606,0.0
10,0.49295774647887325,2679.735428571428,2285.883333333333,1.1397337280263646,0.771332089810563,8.422535211267606,4.374151254263051,7.802197802197803,0.2600732600732601,5,5,49104.119577464786,17771.12134808802,0.9300817604292967,3473.856865507432,-7854.312222222222,0.4444444444444444,3.9,0.0
11,0.6571428571428571,735.0830434782608,400.2488888888888,3.52008264302212,2.405262018151223,17.4,7.664353051126213,4.701492537313433,0.15671641791044777,4,7,13526.446571428572,2986.626894975664,1.0591732946850994,731.1693416464476,-88.88749999999992,0.05555555555555555,6.4423076923076925,0.0
12,0.7227722772277227,670.1189041095892,534.3739285714286,3.2694254357736394,2.577219967596507,17.940594059405942,6.848097227957876,5.083892617449664,0.16946308724832215,3,9,13588.472871287124,3258.47185786262,0.9299450079845601,714.5647642131469,-309.85571428571444,0.21428571428571427,5.96,0.0
13,0.5119047619047619,1563.7186046511627,1202.630243902439,1.3636756345441212,0.7461900132126844,6.011904761904762,2.914418033286944,13.125,0.4375,6,4,26958.174642857142,13647.487657566237,1.0472286819972647,1915.1291125980058,6061.680731707315,0.21951219512195122,2.3132530120481927,0.1566265060240964
14,0.52,2560.456153846154,1873.3316666666667,1.480692153640706,0.626753844497416,8.04,4.015073638992268,7.352941176470589,0.24509803921568626,4,4,47878.89599999999,19363.89437726401,1.082188212131964,2890.995320869578,7367.577826086956,0.30434782608695654,4.163265306122449,0.0
15,0.6588235294117647,2861.8575000000005,2990.685172413794,1.8478526486895457,2.266403624477486,8.2,3.8754416031012022,7.223796033994334,0.24079320113314448,4,10,46615.018000000004,20286.577660509436,0.9742506666142848,3676.024386633009,-1417.1189655172411,0.06896551724137931,4.2023809523809526,0.0
16,0.5895953757225434,1458.4023529411768,1079.3492957746482,1.9411413762595617,1.6765299227528212,5.5491329479768785,2.912315839014642,11.795454545454547,0.3931818181818182,4,8,24583.22231213873,12285.417466680152,1.0048872769524522,1868.6012306977061,5883.799436619719,0.39436619718309857,2.558139534883721,0.1569767441860465
17,0.5789473684210527,753.1972727272728,350.71375,2.952967341599809,2.1628276919115423,17.513157894736842,8.088664366140444,4.759916492693111,0.15866388308977036,4,7,13468.634342105266,3025.00573434755,0.9869063662880359,700.3181907054696,-963.7862500000001,0.34375,6.386666666666667,0.0
18,0.6136363636363636,707.3875925925927,659.721911764706,1.7029871543468964,1.2828272828664202,2.8863636363636362,1.4535223674671376,30.171428571428574,1.0057142857142858,3,8,13945.392102272726,5156.765878314886,0.9904095388144332,910.6430851855641,50.83089552238821,0.1044776119402985,1.0,0.34285714285714286
19,0.5227272727272727,802.6337681159421,632.4592063492063,1.389931667592339,0.8239369003759431,2.7954545454545454,1.4342518669206747,30.461538461538463,1.0153846153846153,6,5,13715.168106060606,5029.575476969506,1.0272927994261594,994.6731158518263,-76.963064516129,0.0967741935483871,0.9923664122137404,0.31297709923664124
20,0.6287878787878788,3082.59156626506,3247.512448979592,1.6078560852636279,1.7122453163841649,8.613636363636363,4.218548151672631,7.528517110266159,0.2509505703422053,3,6,47830.86795454546,20660.481049606093,1.060759460989949,4066.832422579547,-202.60081632653066,0.22448979591836735,4.015267175572519,0.0
21,0.5641025641025641,1550.5127272727275,1532.4450980392157,1.3093753798555943,0.7591259820557293,5.837606837606837,2.6747776735107287,12.491103202846974,0.41637010676156583,4,7,29271.04564102565,13865.10502275564,1.0304404313237718,2129.8560872524754,9458.33274509804,0.3333333333333333,2.4224137931034484,0.23275862068965517
22,0.6404494382022472,803.2566666666667,559.0740625000001,2.5592332634819734,2.3091117842091338,17.629213483146067,6.8546301910591625,5.0093808630394,0.1669793621013133,4,6,13857.750898876402,3275.6847087696588,0.9401605444816319,846.1641765134943,115.29281250000014,0.0625,6.056818181818182,0.0
23,0.746031746031746,735.1247872340425,506.5740625,4.262810164110998,3.203830598576214,16.206349206349206,7.358605803077058,4.554216867469879,0.15180722891566265,2,11,13101.025079365083,3076.1463827974753,1.010295350853669,731.7060024642824,122.58774193548385,0.1935483870967742,6.64,0.0
24,0.7410071942446043,743.8716504854369,450.65555555555557,4.722674375600977,3.18643994680788,18.071942446043167,7.998768281782454,4.537540805223069,0.1512513601741023,5,14,13601.240935251797,2953.1130794335636,0.9683930212334471,717.9204020190828,172.65314285714297,0.14285714285714285,6.659420289855072,0.0
25,0.7363636363636363,725.4176543209878,495.34586206896563,4.090407747147065,3.0079442409824115,17.254545454545454,7.581285945041496,4.647887323943662,0.15492957746478872,3,14,13269.217181818181,3025.8977119505207,0.9989796891709292,753.0414802944368,517.7093103448276,0.13793103448275862,6.513761467889908,0.0
26,0.5695364238410596,719.9929069767442,496.92215384615383,1.9170125393421784,1.12939792628834,2.9735099337748343,1.4280383742161817,32.589928057553955,1.0863309352517985,5,5,13575.103576158941,4906.332879646106,0.9849474817833354,800.8763316474506,93.60030769230778,0.046153846153846156,0.9266666666666666,0.38
27,0.5833333333333334,1274.2742857142855,1018.5070000000001,1.7515677359114856,1.2053991952168448,5.55,2.8926159252061625,12.587412587412588,0.4195804195804196,7,8,25178.029666666665,12492.782371551426,1.3218941000792388,1630.5009665463276,9132.992040816325,0.4489795918367347,2.403361344537815,0.21008403361344538
28,0.7014925373134329,722.3897872340427,350.79400000000004,4.839353010598813,3.0491178242341728,16.776119402985074,7.780747209429314,4.902439024390244,0.16341463414634147,2,11,12973.577313432836,3152.3259620792287,1.0082722194983509,687.3240023468741,-102.45049999999955,0.05,6.212121212121212,0.0
29,0.5225225225225225,1432.1817241379313,1515.079811320755,1.0344624724296858,0.40219680878750796,5.207207207207207,2.8029760713703666,13.760330578512397,0.45867768595041325,6,7,28226.610990990994,14264.870951926938,0.9681543292685997,2118.1074436429894,6212.758461538463,0.15384615384615385,2.2,0.2
30,0.6863905325443787,651.1922413793104,311.11962264150935,4.581038416334433,2.7155713913936337,18.106508875739646,7.2572143252982135,4.751640112464854,0.1583880037488285,4,8,13182.891834319526,2944.3411994175685,0.9886226250756616,616.1552536362329,-466.4037735849057,0.0,6.351190476190476,0.0
31,0.8205128205128205,711.97921875,417.90714285714284,7.788242432529441,3.5348537514537983,17.166666666666668,7.6130726030213625,4.5703125,0.15234375,2,23,13838.543076923075,3210.3516629997835,0.9770322371394622,651.1150537590509,-179.84000000000015,0.42857142857142855,6.64935064935065,0.0
32,0.5766871165644172,599.5604255319148,636.9076811594201,1.282434625817725,0.6597643330921392,3.1104294478527605,1.431592978612085,30.372670807453417,1.0124223602484472,5,7,14717.40355828221,5090.41551640193,1.0987650870332226,798.0177633663687,-372.5358823529411,0.07352941176470588,0.9938271604938271,0.3148148148148148
33,0.5507246376811594,736.8207894736842,613.2880645161289,1.4727168677772327,0.7539362611328745,3.2318840579710146,1.2850375084504215,27.236842105263158,0.9078947368421053,3,5,13539.588695652174,5016.119965189556,1.0585139837958897,887.7236748436532,1037.1623333333334,0.13333333333333333,1.1176470588235294,0.25
34,0.7361111111111112,785.0145283018867,390.81947368421055,5.603040574662955,3.6128846450868073,18.22222222222222,7.465954844524694,4.552160168598525,0.1517386722866175,3,19,13279.724999999999,3147.707962541562,0.9497759962465382,721.2861454888247,96.31578947368412,0.18421052631578946,6.636363636363637,0.0
35,0.7619047619047619,760.1008333333333,394.88933333333335,6.159504603821492,3.6854175482945757,17.682539682539684,7.261976530077738,4.934725848563969,0.16449086161879894,4,14,13283.488253968255,2810.958981374414,1.041051429981984,760.0035580791614,103.01333333333338,0.2,6.17741935483871,0.0
36,0.5407407407407407,3223.7342465753422,3171.7848387096774,1.1967038402006887,0.696712615571057,8.925925925925926,4.167446029930385,7.655954631379962,0.2551984877126654,7,6,49625.92955555555,21223.337112416335,1.0038136912609286,4196.571554188808,1650.6193548387093,0.3064516129032258,3.9477611940298507,0.0
37,0.562874251497006,2560.6618085106384,2738.08698630137,1.2042314814837976,0.8682193440498074,8.10179640718563,4.148790984491634,7.2086330935251794,0.24028776978417266,6,8,50196.64359281438,20237.93109008691,1.0290697668579831,3603.8048393484987,-5307.221643835615,0.5753424657534246,4.186746987951807,0.0
38,0.4426229508196721,1058.2607407407409,1566.1273529411762,0.536599739372108,-1.113277340725816,4.967213114754099,2.645544765038977,10.701754385964913,0.3567251461988304,11,4,27860.23754098361,12222.744123347078,1.3015742224550615,1754.8327253790167,2644.619411764706,0.4117647058823529,2.85,0.13333333333333333
39,0.5691056910569106,3903.509285714286,2321.2586792452835,2.221027043639548,2.027834936181707,8.357723577235772,3.7221756402317503,7.817796610169492,0.2605932203389831,6,8,52014.363089430895,20630.324661146275,0.9492792551913085,3959.8250941886886,1067.653962264151,0.20754716981132076,3.8688524590163933,0.0
40,0.5337078651685393,746.4434736842103,553.1414457831326,1.544565171460969,0.8046357116608711,2.842696629213483,1.3892149260773263,28.253968253968253,0.9417989417989417,6,6,13556.608314606743,4963.585563936194,0.9116701778731082,876.6835401959885,391.396219512195,0.10975609756097561,1.0677966101694916,0.3050847457627119
41,0.6714285714285714,704.7046808510637,476.22413043478264,3.0238885508330697,2.418170864857295,17.507142857142856,7.0797069692757715,4.751131221719457,0.1583710407239819,4,8,13494.932714285715,3197.384694308512,1.0393097286957589,732.8900449928311,-778.2169565217393,0.06521739130434782,6.359712230215828,0.0
42,0.5674157303370787,729.0656435643564,531.5325974025974,1.7991500197541976,1.0462359674546515,2.7191011235955056,1.3486864423059006,27.958115183246075,0.9319371727748691,5,8,13599.063314606745,4971.874517312953,0.9788976592797586,829.2778992870066,1117.2501298701295,0.1038961038961039,1.07909604519774,0.3163841807909605
43,0.6179775280898876,3423.8031818181817,2701.1227941176467,2.050445525512675,2.183535515757102,8.702247191011235,4.0888570510289455,7.206477732793522,0.24021592442645073,4,7,52647.07382022472,20676.344392363826,0.9423271921359054,4063.7458865092585,-5103.738235294119,0.2647058823529412,4.186440677966102,0.0
44,0.55,626.4166666666666,422.9644444444444,1.8101293865870873,1.200384638425887,3.1166666666666667,1.595456118477942,36.0,1.2,4,6,12232.181499999999,4513.16875004985,1.0976066255399881,693.7126463799182,-75.76222222222215,0.07407407407407407,0.847457627118644,0.3898305084745763
45,0.5064102564102564,1408.6459493670884,1608.0828571428572,0.8987311502169477,-0.1596405524830813,5.685897435897436,2.8461734065900623,11.878172588832488,0.39593908629441626,6,6,26260.968974358977,12205.428075829223,0.9914746915231509,2008.6940933440515,3963.665131578948,0.23684210526315788,2.541935483870968,0.16774193548387098
46,0.5588235294117647,679.1802631578947,495.1609999999999,1.7374046017355975,0.8313217969509752,2.7941176470588234,1.501827976012792,37.77777777777778,1.2592592592592593,6,5,13641.324264705883,5079.393214446497,1.0027406115857938,770.9710641070404,-182.7553333333331,0.1,0.8059701492537313,0.4626865671641791
47,0.7209302325581395,693.0923387096775,462.3164583333334,3.8728635102488873,2.81906319257519,18.447674418604652,7.445132272837301,4.669683257918551,0.15565610859728507,3,12,13432.245930232557,3045.998905104332,0.98158737981512,691.4076837955441,-1249.23875,0.1875,6.461988304093567,0.0
48,0.6875,703.1960606060607,520.6080000000001,2.9715857868748334,2.362294366039984,18.145833333333332,7.632488184499524,4.660194174757281,0.1553398058252427,3,14,12885.315416666666,3019.8829243115965,1.0407472288513575,740.3325697818129,-710.0114285714284,0.0,6.574468085106383,0.0
49,0.6785714285714286,569.2752631578948,405.4166666666667,2.964365878725591,1.8357884472495296,18.107142857142858,7.159681484608024,4.827586206896552,0.16091954022988506,4,10,13161.780714285715,3092.4900715342096,0.9282742203405093,607.25500893605,-346.508888888889,0.16666666666666666,6.327272727272727,0.0
50,0.631578947368421,3380.987857142857,2755.288775510204,2.1035832015830036,1.8892802213354982,8.0,4.240854688013783,7.658349328214971,0.255278310940499,7,10,50636.0360150376,20490.273436334704,0.9982663321677308,4054.5066776951767,6633.279795918369,0.5102040816326531,3.946969696969697,0.0
51,0.6746987951807228,808.2323214285714,418.32888888888886,4.00721477341946,2.7270673563629666,17.89156626506024,6.9878152630878265,5.1875,0.17291666666666666,3,7,13620.489156626505,2820.8835702870006,0.9833639843922508,815.482167053757,883.9214814814819,0.07407407407407407,5.853658536585366,0.0
52,0.7166666666666667,556.7286046511629,402.98764705882354,3.4943896981224065,2.0938435349014624,17.633333333333333,7.876088392189484,4.422604422604422,0.14742014742014742,3,13,13520.261,2939.2994640546926,1.0487396668119597,626.1985116712767,-487.8294117647058,0.11764705882352941,6.898305084745763,0.0
53,0.6025641025641025,2691.052340425532,2666.833870967742,1.529897540698557,1.2692618980595314,8.346153846153847,4.217548136976304,7.622149837133551,0.254071661237785,4,5,48209.47948717949,21217.09295455043,0.9257807679380952,3631.3944950813834,1198.1974193548385,0.5483870967741935,3.987012987012987,0.0
54,0.7375,745.9274576271187,588.6119047619046,3.5604121075815995,2.815123588639593,16.175,7.64691548637071,4.4609665427509295,0.14869888475836432,3,15,13659.81475,2906.996558136099,1.0004683077807632,794.4084914762709,287.9423809523809,0.3333333333333333,6.810126582278481,0.0
55,0.6756756756756757,566.6914,493.93333333333334,2.390215447428803,1.7256740000164439,16.013513513513512,6.909380645960518,4.703389830508475,0.15677966101694915,2,6,13250.649054054054,3065.2668651536173,1.1405224893714239,641.3758631837167,-778.7433333333333,0.16666666666666666,6.465753424657534,0.0
56,0.5522388059701493,4245.401081081081,2079.6993333333335,2.5176690604956034,2.3284468961295275,9.149253731343284,4.418465835981519,7.178571428571428,0.2392857142857143,4,4,49693.59313432835,22593.91607575623,1.0271952297142741,4428.998224201206,4279.771333333334,0.5,4.242424242424242,0.0
57,0.4482758620689655,822.5905128205129,682.9714583333334,0.9785984223962506,-0.1784011983568146,3.2528735632183907,1.4241961486657537,26.099999999999998,0.87,8,6,14013.80747126437,4851.387033925696,0.9200381892493376,1022.3664134647129,35.8597916666666,0.125,1.1627906976744187,0.2441860465116279
58,0.725,775.6455172413794,447.4827272727273,4.569748756173422,3.451534972477913,17.7,7.335197898157091,4.477611940298507,0.14925373134328357,2,7,13261.20475,3215.6358750378913,0.8437332944228798,708.9140774668712,50.46099999999969,0.2,6.871794871794871,0.0
59,0.48214285714285715,1774.7940740740742,1106.2713793103446,1.4936610615278976,1.0060725883573818,5.071428571428571,2.9161440471787574,10.980392156862745,0.3660130718954248,4,3,28056.204285714284,10091.51919421395,0.9906055781340476,1861.739902112647,4345.5217241379305,0.4482758620689655,2.7818181818181817,0.14545454545454545
60,0.6710526315789473,2821.362549019608,2239.5932000000003,2.569921894744099,2.3586278252223782,7.993421052631579,4.131123527126131,7.080745341614907,0.2360248447204969,4,9,47177.46828947368,19926.840427120707,1.06318769684723,3368.3899021469906,2051.6572,0.58,4.264900662251655,0.0
61,0.6,2542.009523809523,2761.3646428571433,1.3808441762943033,0.956932290488992,7.614285714285714,4.051454765178271,7.894736842105263,0.2631578947368421,3,5,47719.61385714285,20475.116626299852,0.8736156746102505,3465.2348662833488,-3034.84037037037,0.37037037037037035,3.8550724637681157,0.0
62,0.5629139072847682,1394.644117647059,1283.8251515151514,1.3990476613094913,0.8958604143967653,5.291390728476821,2.767885845366483,13.323529411764705,0.4441176470588235,5,10,26741.866158940396,12569.628280463075,0.8962255945455693,1901.6931290748837,8031.586307692308,0.16923076923076924,2.2666666666666666,0.22
63,0.5900621118012422,2911.637789473684,2259.720303030303,1.8546515611948218,1.87068969480238,8.0,4.08656334834051,7.134416543574594,0.2378138847858198,7,7,47714.890683229816,20867.73897854533,1.1635196288981768,3432.0270210113613,-3062.3089393939395,0.30303030303030304,4.23125,0.0
64,0.45614035087719296,2972.339230769231,2282.655806451613,1.0921180803402037,0.4127675734134117,8.75438596491228,4.132971525922385,7.772727272727273,0.2590909090909091,5,3,49246.46894736842,18266.612530557206,1.0075597024283605,3583.2704249801213,-1015.5980000000005,0.4666666666666667,3.9285714285714284,0.0
65,0.625,704.8496666666667,528.1544444444445,2.2242536379299827,1.7830325773224587,19.333333333333332,7.415720315749404,4.9655172413793105,0.16551724137931034,3,6,12804.692708333334,3265.7207441411438,0.9858460485855759,852.2429630353178,311.56944444444434,0.16666666666666666,6.170212765957447,0.0
66,0.5060240963855421,644.7307142857144,563.1070731707317,1.172877921670661,0.8309917650045548,2.9759036144578315,1.489605477434012,27.065217391304348,0.9021739130434783,4,7,12853.320240963856,4445.140530078742,0.9422197487247073,777.2631926764938,-190.58699999999982,0.075,1.1219512195121952,0.3170731707317073
67,0.5352112676056338,1432.1407894736842,1739.7054545454546,0.9479373728886186,0.3637551732427635,5.676056338028169,3.016618970136586,12.102272727272728,0.4034090909090909,9,6,26930.949859154927,12916.455548347167,1.0107162031696366,2135.868244691313,3417.102727272727,0.22727272727272727,2.49645390070922,0.1702127659574468
68,0.6415094339622641,1145.7600000000002,1586.3557894736844,1.2924637600379023,1.424137622164733,5.660377358490566,2.409463682954674,12.619047619047619,0.42063492063492064,3,4,24428.2520754717,12235.062100576322,0.9862796985615404,1792.1929007821693,6972.3694444444445,0.1111111111111111,2.423076923076923,0.1346153846153846
69,0.5590551181102362,731.3325352112677,617.0964285714284,1.5025612459270667,1.0577208667187659,3.0078740157480315,1.411382655368492,27.21428571428571,0.9071428571428571,5,6,13487.648976377952,5213.061060531965,0.9276935278352446,867.9629872429525,388.66267857142844,0.10714285714285714,1.1111111111111112,0.2619047619047619
70,0.5454545454545454,1459.3324358974355,1359.9372307692308,1.2877056995390734,0.31289409250392264,5.734265734265734,2.8947525349755145,12.398843930635838,0.41329479768786126,6,5,27133.443146853147,14129.47501818956,1.0950420231559164,1859.0028013827791,8177.0912307692315,0.09230769230769231,2.436619718309859,0.19014084507042253
71,0.5517241379310345,1496.8333333333333,1298.4714102564105,1.4187885814849155,0.7434846120024322,5.2701149425287355,2.836900325164763,12.224824355971897,0.40749414519906324,7,7,27461.124195402295,13187.82512503245,0.9796572489027313,1974.9047095046153,7132.970779220779,0.2597402597402597,2.468208092485549,0.1791907514450867
72,0.7704918032786885,662.208085106383,390.985,5.68596530009372,3.210451097168343,18.540983606557376,7.845537522464184,4.8541114058355435,0.16180371352785147,2,8,13411.28639344262,2916.9279996056543,1.0482476889995798,623.2226645113295,1425.6485714285716,0.0,6.283333333333333,0.0
73,0.5209580838323353,1398.8640229885057,1302.4803749999999,1.1679750836936795,0.560422700146129,5.0119760479041915,2.765946152748598,12.400990099009901,0.41336633663366334,6,11,27274.687065868264,12591.70508144521,1.0834802991114854,1815.239517083637,5134.197848101265,0.4430379746835443,2.433734939759036,0.18674698795180722
74,0.5925925925925926,2852.5956250000004,2830.1041818181816,1.4661050383432723,1.240111651662536,8.422222222222222,4.186807045211284,7.641509433962264,0.25471698113207547,8,9,49894.141407407405,20230.41607971939,1.0616431646029942,4087.2802690612043,-1660.3089090909095,0.5636363636363636,3.955223880597015,0.0
75,0.5106382978723404,1457.6479166666666,1559.0028985507247,0.9756389256603997,-0.2849651137729197,5.602836879432624,2.76167504197857,12.368421052631579,0.41228070175438597,6,6,29250.212907801415,13648.441524164924,1.0139986362775237,2059.3983497778718,7095.587826086957,0.4492753623188406,2.442857142857143,0.16428571428571428
76,0.7377049180327869,743.7374444444443,385.295625,5.428978235867588,3.3050224166053503,17.098360655737704,7.528908294052824,4.52970297029703,0.15099009900990099,3,9,13301.054508196721,3054.021886707391,1.0481197407578289,709.6036747811401,-568.3564516129035,0.1935483870967742,6.677685950413223,0.0
77,0.582089552238806,3427.77641025641,2708.5985714285716,1.762683812767699,1.474430072484915,8.791044776119403,3.7840867495695383,7.204301075268817,0.24014336917562723,3,8,48945.57552238806,19442.266356610427,1.0264282974663959,4132.659426508635,6339.1053571428565,0.39285714285714285,4.2272727272727275,0.0
78,0.55,3191.716363636364,3159.710222222223,1.2346026667986993,1.0966440995268407,8.99,3.9299291894821,7.281553398058253,0.24271844660194175,4,8,49034.2814,21723.13122547898,1.0336712376587769,4375.131086326217,-237.053111111111,0.37777777777777777,4.161616161616162,0.0
79,0.5344827586206896,3073.7712903225806,2252.0885185185184,1.5670542191371664,1.417678136702348,9.043103448275861,3.8434410338275966,7.699115044247788,0.25663716814159293,4,9,49591.230431034484,20581.979642914157,1.0996108397620346,3684.359783793315,-322.7246296296296,0.3333333333333333,3.9304347826086956,0.0
80,0.5645161290322581,1652.71,1017.0240740740742,2.106539959540635,1.7498418227606618,6.096774193548387,2.889833380070382,11.923076923076923,0.3974358974358974,4,5,24365.801290322575,11740.156685643815,1.0867891636348166,1851.9408605421033,9705.222692307692,0.38461538461538464,2.557377049180328,0.16393442622950818
81,0.6373626373626373,636.3713793103448,562.9363636363637,1.9868514122377787,1.6722003237864274,3.043956043956044,1.272897725769286,30.0,1.0,3,7,12732.46153846154,4662.26608905677,1.0266376501794134,740.0171109468282,-727.1384848484851,0.030303030303030304,1.011111111111111,0.32222222222222224
82,0.5319148936170213,3284.6078,2179.5845454545456,1.712486387105466,1.2776088884668948,8.170212765957446,4.164980212353673,7.580645161290322,0.25268817204301075,4,7,48291.42978723404,21455.911940385533,0.9681160898050475,3980.849336484855,1996.325813953486,0.4186046511627907,4.0,0.0
83,0.610062893081761,1349.6273195876288,1159.6185483870968,1.820869209633034,1.807725520054068,5.7421383647798745,3.027748958035642,12.015113350125946,0.4005037783375315,5,12,25870.76194968553,13036.344212087884,0.8862102136068561,1700.817509435005,6717.587096774193,0.2903225806451613,2.5126582278481013,0.16455696202531644
84,0.5983606557377049,729.7667123287671,552.685918367347,1.9671271390438012,1.636566311120949,3.0327868852459017,1.384294588563343,31.82608695652174,1.0608695652173914,5,11,13807.212049180327,4652.186143858674,0.8947772778833023,796.1088394478562,-1093.2068750000005,0.0625,0.9504132231404959,0.3305785123966942
85,0.6666666666666666,710.8882894736842,435.7971052631579,3.2624736644104657,2.4363874959044427,16.728070175438596,7.082678718941005,4.906743185078909,0.16355810616929697,3,10,13489.642368421053,2824.8575409312743,0.9590089072644068,725.8803573580146,-618.136052631579,0.13157894736842105,6.168141592920354,0.0
86,0.5350877192982456,1340.7499999999998,1518.1230188679247,1.0164705622086456,0.38809484456152993,5.666666666666667,2.84610171730575,12.302158273381293,0.41007194244604317,8,7,26826.33903508772,12980.111264291245,1.1040663272244116,2046.4528274096135,5312.028076923078,0.38461538461538464,2.4601769911504423,0.168141592920354
87,0.5806451612903226,728.8763333333333,650.5829230769231,1.5512448126402143,0.9501398801537995,2.9612903225806453,1.431935711789446,30.3921568627451,1.0130718954248366,4,8,13760.564967741935,5232.932256471755,1.0857169716619235,916.7231394550146,1147.300923076923,0.046153846153846156,0.9935064935064936,0.3181818181818182
88,0.5528455284552846,1371.4067647058823,1115.1023636363636,1.520539736832966,1.215048259304624,5.2926829268292686,2.9020391567814867,11.047904191616768,0.36826347305389223,6,7,28552.282520325207,13255.522890064129,0.9562754373399578,1641.6570239463372,5061.794909090909,0.6,2.737704918032787,0.13934426229508196
89,0.5925925925925926,743.10175,666.6299999999999,1.6214020862056506,1.2654966317408989,3.2074074074074073,1.3443985299781487,26.644736842105264,0.8881578947368421,9,12,14597.956222222221,5067.047722433862,1.03745911259507,943.4599357605588,-180.31296296296296,0.09259259259259259,1.1343283582089552,0.26865671641791045
90,0.5461538461538461,676.7480281690143,589.3628813559322,1.3818170785401418,0.5433682014689577,2.8461538461538463,1.4598584324565687,33.91304347826087,1.1304347826086956,5,7,14290.78630769231,5135.914363298429,0.9501239751679332,822.9383775440443,378.36172413793105,0.05172413793103448,0.8914728682170543,0.3875968992248062
91,0.5256410256410257,3076.4412195121954,2386.384324324325,1.4285332939507487,0.920222310028976,9.166666666666666,4.16982564233157,6.902654867256636,0.23008849557522124,7,5,52865.41794871796,20183.592369049653,0.9232080913434046,3768.8030901473717,-262.28621621621585,0.32432432432432434,4.402597402597403,0.0
92,0.4825174825174825,1208.8528985507248,1390.5443243243244,0.8105988632878355,-0.3084723329336271,5.699300699300699,2.811032001949715,10.698254364089776,0.3566084788029925,6,4,28744.007132867137,13015.637165860226,1.0489211742915014,1814.996066963474,6649.1702702702705,0.25675675675675674,2.823943661971831,0.1056338028169014
93,0.5114503816793893,3046.222686567164,2541.3743750000003,1.2548384867538454,0.8817511519502219,8.564885496183207,4.2986567430396585,7.859999999999999,0.262,6,10,48105.94564885496,19573.474941385153,0.9741567178177257,3749.1047663111485,289.9466666666671,0.47619047619047616,3.8461538461538463,0.0
94,0.7272727272727273,767.20765625,584.12625,3.5024741369410006,3.118557383348986,17.193181818181817,7.124279281226068,4.623467600700525,0.15411558669001751,3,15,13301.056363636364,2915.7034792043064,0.9997664163102371,763.2973614479937,487.5830434782609,0.17391304347826086,6.563218390804598,0.0
95,0.7205882352941176,687.0593877551021,384.87000000000006,4.603866240548757,3.1439228305663405,17.58823529411765,7.2074490780349665,4.533333333333333,0.1511111111111111,3,22,12967.390735294113,3176.6501726205074,0.9553566922285789,686.0896822540291,-1033.1266666666668,0.3333333333333333,6.7164179104477615,0.0
96,0.52,757.5729230769232,602.6381666666667,1.361852012360098,0.719898212151386,3.072,1.3806029538317788,30.241935483870964,1.0080645161290323,9,7,13788.210560000003,5253.27083185052,1.090208861049377,934.8257328916719,306.73933333333315,0.06666666666666667,1.0,0.3548387096774194
97,0.6160714285714286,669.333043478261,442.7997674418605,2.425579518066594,1.9810237020397714,17.482142857142858,7.4977259529736395,4.621733149931224,0.15405777166437415,3,10,13079.453214285717,3011.6398097394704,1.0328063782410464,725.1210634326598,-1221.5567441860467,0.09302325581395349,6.54954954954955,0.0
98,0.5294117647058824,3381.2533333333326,2098.184583333333,1.8129529833627998,0.7128662844622788,7.549019607843137,3.822636396468783,8.27027027027027,0.2756756756756757,3,4,45936.19921568627,20290.726488729066,1.0286132991249066,3758.1335596709464,3875.6883333333335,0.375,3.7,0.0
99,0.725,854.0637931034482,412.8781818181818,5.453479564740645,3.563077106117407,18.65,7.539808880118776,4.633204633204634,0.15444015444015444,4,12,13748.291749999999,3501.056004393816,1.0772665803751054,880.9195428641232,-283.3190909090909,1.4545454545454546,6.641025641025641,0.0
100,0.6778523489932886,784.1954455445542,579.0529166666666,2.849615068283194,2.414495842682853,2.9865771812080535,1.4236732903246774,33.111111111111114,1.1037037037037036,3,12,13949.480536912753,4904.145088081761,1.0139929474417342,869.7198997106915,1121.064583333333,0.0,0.9121621621621622,0.38513513513513514
101,0.578125,3233.69527027027,2107.7114814814813,2.1024510347452505,1.9490430331940782,8.125,4.10300446859266,7.370441458733205,0.2456813819577735,6,12,48024.226015625005,19954.603633529372,0.9131804233347162,3584.617850301849,1499.9875471698113,0.5094339622641509,4.102362204724409,0.0
102,0.7225806451612903,671.5088392857142,389.99790697674416,4.484758117366163,3.0642478643235416,17.761290322580646,7.718323509984267,4.899894625922023,0.16332982086406744,2,13,12853.058387096775,3029.7112135590683,1.0147621252029984,656.2636546913567,-840.7169047619044,0.0,6.162337662337662,0.0
103,0.46511627906976744,687.4770000000001,509.9369565217392,1.1723137131188424,0.36039504153991064,3.2790697674418605,1.3331948986827675,31.46341463414634,1.048780487804878,4,3,13260.310930232557,5732.949258007574,0.8266169299354311,827.6509100100241,-793.2878260869567,0.043478260869565216,0.9761904761904762,0.30952380952380953
104,0.4723926380368098,1516.2006493506492,1347.9210465116282,1.0071275998585587,-0.026504061861152874,5.662576687116564,2.9106463982254076,12.225,0.4075,7,8,28214.338957055214,13279.238790294467,1.143479032926458,1926.018855361537,6607.466511627907,0.26744186046511625,2.4691358024691357,0.17901234567901234
105,0.5324675324675324,687.9448780487805,613.9222222222221,1.2762085316634393,1.073041903535193,3.051948051948052,1.2967175553367525,30.8,1.0266666666666666,6,4,13441.526493506495,5438.451408188094,1.0925422721251254,836.2904609863572,-1002.4288571428576,0.08571428571428572,0.9868421052631579,0.32894736842105265
106,0.6176470588235294,754.86126984127,450.74358974358967,2.7052881278798577,2.3284339652628874,15.245098039215685,6.753710054129037,4.849445324881141,0.16164817749603805,6,8,13086.773431372549,3137.9543182968446,0.9920069515228493,789.5728487295538,-716.1581578947369,0.18421052631578946,6.247524752475248,0.0
107,0.5503875968992248,838.9049295774647,580.2450000000001,1.7698305798888156,1.06966713690206,2.9844961240310077,1.4414862996012083,29.76923076923077,0.9923076923076923,7,7,13873.893875968992,4931.175765053451,1.0752419103933422,919.2168129089151,681.4055172413792,0.034482758620689655,1.015625,0.3046875
108,0.5061728395061729,570.360731707317,514.70225,1.1358406729327486,0.411140913381498,3.0617283950617282,1.3815360926550715,31.558441558441555,1.051948051948052,6,7,13467.646419753088,4556.558026366313,1.0675721761820511,726.5216757558487,801.7269230769232,0.07692307692307693,0.9625,0.375
109,0.5686274509803921,659.2265517241378,726.0809090909091,1.1968093963983475,0.33213868392676055,2.9019607843137254,1.4457510430331264,27.81818181818182,0.9272727272727272,3,5,14518.286274509801,4210.464944791233,1.0896527030379972,905.3931049003943,676.9245454545458,0.22727272727272727,1.1,0.26
110,0.5192307692307693,1535.9576543209876,1115.7144,1.4867911238455527,0.8297314543961807,5.769230769230769,2.772785146559796,11.878172588832488,0.39593908629441626,6,6,27514.73346153846,14010.05454342866,0.9548745844768463,1904.4479332844753,5219.284666666666,0.4,2.541935483870968,0.18064516129032257
111,0.5735294117647058,636.6848717948718,501.52103448275864,1.707269128190037,1.0433916531069627,17.13235294117647,7.864343131406379,4.77751756440281,0.1592505854800937,3,5,13540.698529411764,3161.3110343470435,1.0838386767682395,791.9661810485791,-1223.4232142857145,0.03571428571428571,6.373134328358209,0.0
112,0.5862068965517241,3171.1698039215694,2746.868611111111,1.6354952462536385,1.6144016299369368,8.471264367816092,4.15408171849391,6.9322709163346605,0.23107569721115537,3,7,47000.32109195402,19590.606738433482,1.001801082395188,3764.7391410311325,525.5093055555558,0.2638888888888889,4.3526011560693645,0.0
113,0.6067415730337079,1155.8111111111111,1397.1637142857141,1.2763367745225889,0.9940118894755625,5.640449438202247,2.731329974952412,11.814159292035399,0.3938053097345133,4,6,26042.74820224719,13261.228522481906,0.8107788167817277,1869.602271536864,6347.228529411767,0.17647058823529413,2.5681818181818183,0.2159090909090909
114,0.6532258064516129,657.2024691358026,425.23348837209306,2.9113089170163153,2.160317522522773,17.725806451612904,7.1492096438235855,4.626865671641791,0.15422885572139303,4,15,13445.22443548387,2875.9100139668203,1.0071377417208456,704.5863993104838,-884.9451162790698,0.06976744186046512,6.536585365853658,0.0
115,0.5543478260869565,725.0794117647059,565.010243902439,1.596303887432216,1.1142130575704072,2.9347826086956523,1.3970482841568674,25.321100917431192,0.8440366972477065,5,9,12912.107173913042,4655.511609439149,0.9963891977429086,885.495614095441,-308.29699999999985,0.05,1.1978021978021978,0.1978021978021978
116,0.5775862068965517,3453.369552238806,2013.660408163265,2.3449605835083966,2.101678403596716,8.068965517241379,3.850971956207453,8.018433179723502,0.2672811059907834,5,15,47186.14327586207,20224.233623592303,0.9489615851305935,3725.877132257987,3824.329591836734,0.30612244897959184,3.773913043478261,0.0
117,0.5766871165644172,1346.4301063829785,1527.8466666666668,1.2005570594666621,0.8532063534896182,5.085889570552148,2.9781068910293884,11.9559902200489,0.39853300733496333,6,8,26677.43883435583,12070.996434005903,1.029572023071612,1954.3074876676446,3553.0091304347834,0.43478260869565216,2.5246913580246915,0.15432098765432098
118,0.6582278481012658,3011.6048076923075,2038.3031481481478,2.845566805431933,2.3405652495517386,8.518987341772151,3.9158692635238372,7.886855241264558,0.2628951747088186,5,9,48014.60518987342,20268.49999583913,1.0512490582205427,3262.1403713050063,3654.848490566037,0.20754716981132076,3.828025477707006,0.0
119,0.6666666666666666,816.0107692307694,430.13730769230773,3.794187365930557,3.0368805989545864,18.064102564102566,7.7448596167296975,4.7272727272727275,0.15757575757575756,4,10,13384.238846153845,3211.6411787761003,0.9228069461329083,782.8239371627282,-83.48384615384629,0.23076923076923078,6.428571428571429,0.0
120,0.5426829268292683,2624.178202247191,2529.208266666666,1.2312251391239064,0.47685409912088644,8.670731707317072,4.222507259849209,7.675507020280811,0.25585023400936036,5,8,48391.18713414634,20403.536274035636,1.0386693329283885,3553.984381359054,2314.4781081081082,0.40540540540540543,3.932515337423313,0.0
121,0.6857142857142857,704.34625,462.22409090909093,3.3246978787345376,2.7579345194424185,17.757142857142856,7.707394744491293,4.783599088838269,0.15945330296127563,2,6,13268.67442857143,3122.301985670762,0.9613490327602507,720.718843031025,-509.00454545454545,0.22727272727272727,6.36231884057971,0.0
122,0.6036585365853658,1292.6422222222225,1151.7027692307693,1.7094632322335304,1.1038847646787933,5.530487804878049,3.0141258039128953,11.576470588235294,0.38588235294117645,4,5,25425.324024390244,13173.840552369023,0.8629471753421761,1725.730091372685,8718.79123076923,0.36923076923076925,2.607361963190184,0.13496932515337423
123,0.5759493670886076,688.6883516483516,539.3129850746267,1.7343967463303929,1.3273100234394704,3.069620253164557,1.3782527876240867,25.76086956521739,0.8586956521739131,4,10,13929.58575949367,4982.034740767637,0.9391390442033569,814.4451600015558,159.1543939393941,0.09090909090909091,1.1719745222929936,0.2611464968152866
124,0.574468085106383,905.1403703703703,558.0215,2.1897713618561294,2.0378855706488785,3.0425531914893615,1.443989744762311,27.647058823529413,0.9215686274509803,5,6,15251.795106382977,5005.760425007708,0.883253895905538,992.8121307861676,-1307.372631578947,0.05263157894736842,1.108695652173913,0.30434782608695654
125,0.45528455284552843,1376.3864285714287,1700.6520895522387,0.6764537816881304,-0.9233396489209933,5.642276422764228,2.939638879630673,11.181818181818182,0.37272727272727274,5,9,28370.383821138214,12945.147388475345,0.9776887690819506,2193.5913269660227,5875.992575757576,0.22727272727272727,2.7049180327868854,0.14754098360655737
126,0.6256983240223464,3221.2937500000003,2050.579253731343,2.626013719749083,2.1938771858511936,8.441340782122905,4.331835429953899,7.489539748953975,0.2496513249651325,4,10,49281.60346368715,19874.568487359775,1.0260897031480483,3685.4040586143096,4596.054029850745,0.5373134328358209,4.02808988764045,0.0
127,0.6190476190476191,2889.1946153846156,2952.489375,1.5901636394542489,1.6674774376120263,6.690476190476191,3.7513450936449986,8.689655172413794,0.2896551724137931,3,8,48750.61714285714,22568.226930663783,1.1824011945955841,3921.403590631867,-4511.076666666666,0.26666666666666666,3.5365853658536586,0.0
128,0.5367647058823529,1330.8836986301371,1660.8800000000003,0.9285048163413848,0.1766208317730248,5.485294117647059,2.8388450810735537,11.791907514450868,0.3930635838150289,6,7,27269.778161764705,13431.54067067933,0.8862395661731702,2118.2213210622067,7878.713225806452,0.20967741935483872,2.562962962962963,0.14074074074074075
129,0.6442953020134228,728.7846874999999,472.9284905660378,2.791252496986859,2.4639198881005937,18.308724832214764,6.624992941208949,4.538071065989848,0.15126903553299492,4,7,13346.81523489933,2869.3156667300796,1.0319144716101643,706.4657279051946,-412.72018867924527,0.16981132075471697,6.655405405405405,0.0
130,0.6329113924050633,717.6148,505.94827586206895,2.4454414721417614,2.024767893431533,3.1012658227848102,1.446436263486837,31.6,1.0533333333333332,3,8,13560.237974683545,5165.371899866376,1.1128462641752745,769.7606605825141,1665.2513793103446,0.034482758620689655,0.9615384615384616,0.358974358974359
131,0.5116279069767442,731.3854545454546,494.4180952380952,1.5497275296211614,0.9530672796817604,3.2790697674418605,1.452839279207128,28.666666666666668,0.9555555555555556,4,5,13488.106279069769,5210.741367177001,1.0602109868719651,824.1772679042548,42.64800000000041,0.1,1.0714285714285714,0.35714285714285715
132,0.588957055214724,2657.0906250000003,2794.5107462686574,1.362376091038177,1.1221348830497528,8.368098159509202,3.965837222982573,7.925445705024312,0.26418152350081037,4,14,46306.479018404905,18646.629507870526,1.017380854299068,3726.5200634756743,-280.543134328358,0.2537313432835821,3.808641975308642,0.0
133,0.6688311688311688,692.5504854368933,516.506862745098,2.707960906314477,2.261713747447192,17.753246753246753,7.592834331166783,4.6339017051153455,0.15446339017051153,5,9,13124.376623376624,3129.975566020485,1.0699666918474648,757.3596705449371,-1113.4896078431373,0.13725490196078433,6.516339869281046,0.0
134,0.5,1179.7276000000002,1059.0839999999998,1.113913155141613,0.12977289174952766,5.38,2.954691875920847,14.150943396226415,0.4716981132075472,3,3,28415.321999999996,16086.851240609838,0.7287867703577349,1771.2485879725218,9890.936666666666,0.5,2.163265306122449,0.22448979591836735
135,0.5819672131147541,636.1232394366198,552.4488235294118,1.603014244243722,0.9887546302909067,2.8360655737704916,1.427942261823832,28.59375,0.953125,4,7,13750.830245901638,5058.328888302324,0.9533233052878269,776.6438510521954,-493.0394117647059,0.11764705882352941,1.0578512396694215,0.2892561983471074
136,0.6025641025641025,695.2097872340427,724.8222580645162,1.4541878787636038,0.9991425360106541,2.8205128205128207,1.402628235622671,30.0,1.0,4,7,13489.483076923076,5331.808033749588,1.1075847233572371,929.2558774130209,-1495.9353333333338,0.16666666666666666,1.0129870129870129,0.35064935064935066
137,0.7272727272727273,742.7637500000001,436.4275,4.538447584841316,2.8504154258926166,19.65909090909091,7.236673981680033,4.6643109540636045,0.15547703180212014,3,8,13408.525454545454,2788.6877457973405,0.9653811166280684,702.1914237724702,430.0327272727272,0.09090909090909091,6.5813953488372094,0.0
138,0.5739130434782609,601.7713636363637,588.0536734693878,1.3783591876765378,0.9594535494293127,3.260869565217391,1.364248758775314,27.82258064516129,0.9274193548387096,5,5,13975.415913043476,4741.082924933903,0.9011281974834977,802.2945910812501,-481.4973469387755,0.02040816326530612,1.087719298245614,0.2982456140350877
139,0.5086206896551724,1794.8147457627117,1453.703859649123,1.2779705367245817,0.5488115162024688,5.689655172413793,2.9530052285866293,11.40983606557377,0.380327868852459,5,7,28757.983879310344,12267.71429489439,0.9915882726094812,2215.12531684111,5178.761578947369,0.43859649122807015,2.652173913043478,0.19130434782608696
140,0.6176470588235294,800.7404761904761,378.19961538461547,3.4201617176114762,2.743186446514923,16.63235294117647,7.672210780579025,4.678899082568807,0.1559633027522936,3,5,13550.498529411767,3224.0276993927237,1.0507808426903538,760.145441036978,-885.0465384615387,0.07692307692307693,6.507462686567164,0.0
141,0.54,2942.2725925925934,2907.6258695652177,1.1879011705276659,0.06321317632025923,8.61,3.7440727567824865,8.522727272727273,0.2840909090909091,5,6,48901.4258,20351.57354605772,1.068506821542015,4371.288532759518,3176.3426666666664,0.044444444444444446,3.5555555555555554,0.0
142,0.6331360946745562,646.037476635514,658.1416129032258,1.6940664794663765,1.411553588310164,2.970414201183432,1.4117956967355212,30.914634146341463,1.0304878048780488,4,7,13656.48325443787,4984.956895000095,0.9821432405604122,811.6275648571497,473.58145161290315,0.06451612903225806,0.9761904761904762,0.35119047619047616
143,0.46774193548387094,718.0327586206896,681.7393939393938,0.925571399361704,-0.08424108590797477,3.3225806451612905,1.2116131172320468,29.999999999999996,1.0,5,4,14883.767096774194,5167.574810211499,0.9276340489477493,876.1669408358601,-1016.5551515151517,0.06060606060606061,1.0163934426229508,0.3442622950819672
144,0.6533333333333333,3217.495918367347,2178.962692307692,2.7828573334912536,2.1549508077057755,7.88,3.85886133604342,6.77710843373494,0.22590361445783133,3,7,53243.1672,19469.60325989919,0.9614990963022898,3452.248456939661,6135.636153846154,0.34615384615384615,4.486486486486487,0.0
145,0.627906976744186,1485.805925925926,1230.3525,2.0378692285340994,1.7173329128298964,4.976744186046512,3.210758492890391,10.932203389830509,0.3644067796610169,3,8,23961.86651162791,11195.712400174385,0.6858555279135927,1739.2912097362798,6843.068,0.4,2.8095238095238093,0.09523809523809523
146,0.5367647058823529,551.4857534246577,553.5853968253967,1.1543353171303494,0.4465461095638097,3.0588235294117645,1.4182133041382945,29.142857142857142,0.9714285714285714,8,9,13551.879264705882,4828.565637550277,0.9132358648469489,719.7558419246958,-473.5052380952382,0.06349206349206349,1.037037037037037,0.34814814814814815
147,0.6198347107438017,2949.606933333333,1639.9391304347828,2.9325123413912495,2.6957775498425094,7.975206611570248,3.8241835946106533,7.960526315789474,0.26535087719298245,6,10,48350.759090909094,20965.356789002104,1.0516032178484191,2987.420663059965,-3148.9582608695655,0.08695652173913043,3.8,0.0
148,0.5977011494252874,715.7901923076926,651.2745714285714,1.632889968286363,1.015681849332864,2.8160919540229883,1.529011959679023,29.65909090909091,0.9886363636363636,4,8,13333.14321839081,4995.259440796703,0.8428077224227564,941.2827140982517,1635.701714285714,0.08571428571428572,1.0232558139534884,0.3372093023255814
149,0.564625850340136,3326.463253012049,2656.2681249999996,1.6240856827094599,1.3531109719864203,9.07482993197279,4.06638144039931,7.7368421052631575,0.2578947368421053,4,6,49419.282380952376,19858.95662792485,1.1522406146529205,4014.9773272365737,-1994.8078124999997,0.265625,3.904109589041096,0.0
150,0.5886524822695035,2797.5197590361445,2146.619655172414,1.8649541532581215,1.7556870790668802,8.48936170212766,4.0171365446343845,7.580645161290322,0.25268817204301075,4,10,49973.33283687943,20917.203426903834,1.0230048440625088,3348.8815676569952,-1780.809137931035,0.7413793103448276,3.9857142857142858,0.0
151,0.5130434782608696,1648.2166101694916,1213.958392857143,1.430455886123421,0.7236660890658825,5.304347826086956,3.0034305328532334,11.815068493150687,0.3938356164383562,6,7,27264.695826086958,12341.530633533488,0.8755817797028536,1915.1048553692608,5602.892678571428,0.48214285714285715,2.56140350877193,0.14912280701754385
152,0.7058823529411765,742.9899999999999,555.7560000000001,3.208559151858009,2.784644214320825,17.49264705882353,7.532641387621596,4.673539518900343,0.15578465063001146,4,10,13658.189485294119,3152.6797370360205,1.0154534493598044,792.2742497173195,-1319.8484999999996,0.25,6.466666666666667,0.0
153,0.6640625,695.7494117647059,491.73627906976753,2.7968621864811256,2.3266938219453066,17.0234375,7.073812015950655,4.565992865636147,0.15219976218787157,3,8,13109.138359375,3119.7325591872764,1.02256979121773,721.9507793683792,511.41465116279056,0.06976744186046512,6.622047244094488,0.0
154,0.5,4082.633571428572,2860.8135714285713,1.427088298308748,1.510640604925834,7.410714285714286,4.030685868612012,8.195121951219512,0.2731707317073171,8,5,51625.36732142857,20228.787803330495,0.880517301585761,4306.417154066286,-2205.4185714285704,0.35714285714285715,3.727272727272727,0.0
155,0.4946236559139785,1418.4321739130432,1299.5027659574469,1.0682953529033936,0.6059860693157391,5.387096774193548,2.79763975858112,13.160377358490566,0.4386792452830189,6,6,27899.640967741932,13204.491323403701,1.075135332351818,1961.1813299552111,3778.837021276596,0.2553191489361702,2.3043478260869565,0.22826086956521738
156,0.5471698113207547,691.538448275862,602.7641666666667,1.3862950131131992,0.740362074277388,2.830188679245283,1.4894658557649678,31.485148514851485,1.0495049504950495,5,5,13992.989245283019,4703.930976241386,0.8441966926485521,839.5943784824148,671.5595744680852,0.1276595744680851,0.9619047619047619,0.37142857142857144
157,0.6384180790960452,759.0384070796459,423.28875,3.1661063222209425,2.451744986564412,17.548022598870055,7.826180497618527,4.447236180904523,0.14824120603015076,4,10,13250.32638418079,3132.785845231414,0.9762911845392609,748.9025796718319,-44.85046875000003,0.296875,6.784090909090909,0.0
158,0.6666666666666666,746.5682926829269,460.94951219512205,3.2392627519124093,2.6052657814471183,16.585365853658537,6.886583331958221,4.629861982434128,0.15432873274780426,5,12,13396.019593495934,3075.2136253993212,1.0710983322128795,719.8562544054824,-412.7785365853658,0.0975609756097561,6.532786885245901,0.0
159,0.5842696629213483,1369.0434615384618,1081.299189189189,1.7793975065530534,1.133507406377323,5.685393258426966,2.8268015398791486,13.217821782178218,0.4405940594059406,6,5,25609.352471910115,13216.740733105675,1.0870921630655273,1796.2434937487253,10784.563333333334,0.3611111111111111,2.2954545454545454,0.20454545454545456
160,0.5986842105263158,3203.168461538461,2384.903114754098,2.0036441663197095,2.011119336796555,8.822368421052632,4.006785591627572,7.63819095477387,0.254606365159129,4,7,49185.53888157895,19751.277587379973,1.065729291514689,3853.627386743445,-1555.4514754098366,0.36065573770491804,3.9536423841059603,0.0
161,0.5285714285714286,1426.8075675675675,1316.0063636363636,1.2156126167760541,0.7152327673638647,5.357142857142857,2.7664434043968527,10.824742268041238,0.36082474226804123,4,7,28427.149714285715,13453.541710050858,0.9155503840167877,1971.915869207907,8367.063636363637,0.48484848484848486,2.8115942028985508,0.10144927536231885
162,0.6346153846153846,2756.462121212121,3333.7584210526315,1.436078704278923,1.6201748632597288,7.615384615384615,3.990939965716692,6.964285714285714,0.23214285714285715,3,7,52086.04461538461,22688.8195522501,1.0033419181373402,3843.7035030925153,-5117.414210526316,0.631578947368421,4.392156862745098,0.0
163,0.6880733944954128,700.4829333333332,586.8149999999999,2.633168786033879,2.4163100420430004,16.3302752293578,7.974560298886983,4.691535150645624,0.1563845050215208,6,11,12754.932844036697,3067.1724298345553,1.019392596590849,751.5016958993523,-1497.7988235294117,0.20588235294117646,6.453703703703703,0.0
164,0.4107142857142857,1376.8647826086956,1428.57,0.6717437929559142,-0.7782722731573847,5.214285714285714,2.7942426894942765,12.352941176470589,0.4117647058823529,5,5,29166.21017857143,14495.225670041153,0.9539394434303003,1856.0712772272652,5855.55875,0.40625,2.4727272727272727,0.23636363636363636
165,0.6037735849056604,786.6189583333331,534.4915873015873,2.242612398015381,1.7476507955319376,2.893081761006289,1.4168569019539696,30.0,1.0,4,9,13191.860440251572,4502.615062682645,1.031066471973296,850.9166837783089,584.6896825396825,0.09523809523809523,1.0063291139240507,0.3291139240506329
166,0.5591397849462365,2660.6449999999995,2609.348292682927,1.2932258199599038,0.8969299518598146,8.526881720430108,4.169223152144728,7.342105263157895,0.24473684210526317,4,6,50508.522688172045,22170.555221494553,0.8445545559420344,3526.142747238601,995.5707317073161,0.17073170731707318,4.130434782608695,0.0
167,0.5523255813953488,1340.5464210526316,1460.5237662337665,1.1324162929274704,0.6968934781599712,5.761627906976744,2.9924141363890615,13.298969072164947,0.44329896907216493,6,7,27185.670697674414,13033.336456468938,0.9929330537596608,1902.7087935494387,6321.41907894737,0.27631578947368424,2.2690058479532165,0.17543859649122806
168,0.5483870967741935,1473.8619999999999,1373.1407142857145,1.3033548221309124,0.7020685203160814,5.445161290322581,2.9457033104671324,12.567567567567567,0.4189189189189189,5,8,27409.397548387096,12711.29830045948,1.0608397569044825,1997.6838165758443,5872.540571428573,0.2857142857142857,2.4025974025974026,0.16233766233766234
169,0.593939393939394,611.2078571428572,703.8317910447761,1.2701977003070402,0.8643638118123049,2.933333333333333,1.401799076332448,26.612903225806452,0.8870967741935484,4,9,13244.019636363637,4947.32438485174,1.0770485313006877,843.528316888822,-890.1483333333333,0.07575757575757576,1.1341463414634145,0.25609756097560976
170,0.5428571428571428,3385.1487719298248,2147.0716666666663,1.8722543029537133,1.9838645749740966,9.2,3.9865157333576016,7.645631067961165,0.25485436893203883,4,5,49965.213238095246,19573.133528964296,1.0361558115936844,3868.700162339427,-3383.2431249999995,0.25,3.9615384615384617,0.0
171,0.5324675324675324,2513.1270731707314,1959.8275000000006,1.4604206237538757,1.1187347839766149,8.467532467532468,4.20395933547492,9.166666666666666,0.3055555555555556,4,9,46741.12415584415,18665.266569869073,0.9071473534583814,2916.0621516928454,-3828.1150000000002,0.25,3.3157894736842106,0.0
172,0.6428571428571429,750.2153086419753,455.5686666666666,2.9641800553057256,2.245512459588565,17.72222222222222,7.489340573256248,4.833759590792839,0.16112531969309463,6,15,14005.899285714284,2934.161607675808,0.9766638975159141,797.1024383938623,-944.7813636363634,0.0,6.256,0.0
173,0.5267857142857143,1636.2466101694918,1153.3601886792453,1.5792829450421242,1.3253511182910582,5.642857142857143,2.915807006976028,11.830985915492958,0.39436619718309857,7,9,25992.192142857148,12100.539012929903,0.9768773452378727,1849.0538216173713,6103.786792452832,0.4339622641509434,2.5585585585585586,0.0990990990990991
174,0.6181818181818182,2649.1438235294117,2843.3519047619047,1.5084625975479309,1.654731938395251,7.618181818181818,3.997642402860063,7.366071428571429,0.24553571428571427,4,6,48929.77018181816,21891.388182772076,1.2919179954548068,3636.6575201459846,-12419.574761904763,0.19047619047619047,4.148148148148148,0.0
175,0.5,1874.8125806451612,1183.9148387096775,1.583570472592841,0.3596275756953191,5.596774193548387,2.946458132373966,13.285714285714285,0.44285714285714284,5,4,28180.80580645161,13504.320797399798,1.0682584980959895,2146.6104645080113,9596.672622950819,0.32786885245901637,2.2764227642276422,0.17073170731707318
176,0.5808823529411765,750.3788607594935,701.9080701754385,1.4816737634458053,1.388399260111516,2.9558823529411766,1.4239623749649792,26.666666666666668,0.8888888888888888,5,9,13835.595735294119,5190.400299536405,1.0745438718702494,970.1401804271434,-952.2338596491227,0.10526315789473684,1.1333333333333333,0.24444444444444444
177,0.4878048780487805,664.6045,607.39873015873,1.0420776917022163,0.16586364074013768,2.926829268292683,1.4209828721947255,30.000000000000004,1.0,7,8,14167.59430894309,4466.814273427085,1.0563781124128524,856.261253916461,-427.3495161290322,0.14516129032258066,1.0081967213114753,0.38524590163934425
178,0.4888888888888889,3734.7042424242427,2110.4402898550725,1.6926921904749872,1.5569093327694443,8.525925925925925,4.033127059127829,7.363636363636364,0.24545454545454545,6,6,49194.93074074075,20801.75760840446,1.1445720332643876,4108.288032234768,-1263.0589855072456,0.43478260869565216,4.104477611940299,0.0
179,0.6825396825396826,671.4176744186047,765.0894999999998,1.8867701099021754,1.8251165653801595,16.92063492063492,6.616942055890995,4.7368421052631575,0.15789473684210525,3,6,13460.607301587303,2853.4833321060623,0.99234741406168,876.463994066226,-1099.4524999999999,0.1,6.435483870967742,0.0
180,0.5549132947976878,704.2352083333332,552.7663636363636,1.588388133264071,1.071399941704256,2.9421965317919074,1.4495828696678272,31.646341463414632,1.0548780487804879,5,11,13910.590982658958,4882.293605151367,0.9962444123651557,869.9080746150951,-601.2718181818183,0.09090909090909091,0.9534883720930233,0.32558139534883723
181,0.6923076923076923,709.7085714285715,568.3760714285714,2.8094854199275763,2.45130133545705,18.252747252747252,7.49754538587042,4.954627949183303,0.16515426497277677,3,7,13566.17791208791,3073.2315711614333,1.0534776369987193,733.5799343260169,-1230.1951851851854,0.18518518518518517,6.122222222222222,0.0
182,0.610738255033557,642.2207692307693,639.3648275862068,1.5759738382597386,0.9156672363312761,3.0134228187919465,1.3900543309487217,31.702127659574465,1.0567375886524824,4,8,13627.316979865771,4886.6687356761495,1.0513586954813363,829.9210152733812,-129.75137931034482,0.06896551724137931,0.9527027027027027,0.3581081081081081
183,0.5433070866141733,1353.8610144927536,1500.677931034483,1.0732667718451845,0.44717931991556126,5.31496062992126,2.959249120229751,11.795665634674922,0.3931888544891641,5,8,26792.326535433072,12550.371252569625,1.0357939347484049,1892.0343968277775,6315.243103448276,0.3793103448275862,2.5634920634920637,0.1746031746031746
184,0.6818181818181818,729.9879999999999,470.79678571428576,3.3225800333932365,2.7346729984957436,17.244318181818183,7.621958622739515,4.5438898450946645,0.1514629948364888,4,11,13548.026931818184,3430.0641017155044,1.0358485846772485,775.0770654380034,-708.862909090909,0.09090909090909091,6.64,0.0
185,0.7011494252873564,671.7722950819672,461.29307692307697,3.4166590237142747,2.4753231567110356,17.89080459770115,8.085856233274313,4.64,0.15466666666666667,4,14,13494.588045977009,3141.7969619865007,1.0065907005222978,746.6110026207689,-1340.586346153846,0.07692307692307693,6.502890173410405,0.0
186,0.5251798561151079,1503.7772602739726,1273.1192424242424,1.3064516916040263,0.6414560293339492,5.223021582733813,2.9168256655650375,11.680672268907562,0.38935574229691877,4,9,27493.44489208633,13831.497615032451,0.9783365745642879,1822.4513955986697,5623.543076923078,0.4461538461538462,2.5869565217391304,0.1956521739130435
187,0.6114285714285714,693.167570093458,727.1051470588236,1.5000850471703362,1.0899151852290565,3.08,1.357990401672443,32.20858895705521,1.0736196319018405,4,8,14166.313714285716,5281.997406012458,0.9947966507041509,909.3040259934527,-1117.1294117647058,0.029411764705882353,0.9367816091954023,0.3620689655172414
188,0.7307692307692307,687.0605263157895,347.49285714285713,5.366667351846904,3.005846740500095,16.826923076923077,6.9528415797559,4.85981308411215,0.16199376947040497,3,21,13413.168653846153,3017.183370549056,0.9194238014353859,669.3015775946886,-794.2823076923075,0.0,6.294117647058823,0.0
189,0.4942528735632184,1665.5691860465115,1323.3262499999998,1.2300181764769578,0.4979814796282787,5.114942528735632,2.9794102196229324,11.863636363636363,0.39545454545454545,8,8,27692.200804597698,11779.490479684091,1.0157923607789707,1992.6584386631318,4923.6218181818185,0.4090909090909091,2.5433526011560694,0.18497109826589594
190,0.6039603960396039,3090.642459016393,2471.7875,1.9068102537131526,1.710608425484314,8.435643564356436,4.1458795003814535,8.058510638297873,0.26861702127659576,4,8,50579.54346534654,20521.84423509897,1.095426072025632,3666.466400952147,931.6442499999994,0.425,3.76,0.0
191,0.5666666666666667,2534.047352941176,2131.6626923076924,1.554539675872373,0.949058921397014,8.0,3.914336967904665,7.258064516129031,0.24193548387096775,5,4,47500.82433333334,15317.518114910945,1.0080362895038968,2974.195504663271,2086.436400000001,0.72,4.203389830508475,0.0
192,0.45098039215686275,559.7182608695653,561.725,0.8184940521226071,-0.3637074784822922,2.9019607843137254,1.3304871583113353,33.26086956521739,1.108695652173913,5,4,14712.020196078432,5452.719947825485,1.0564738990881857,720.0186969130133,183.78357142857163,0.0,0.92,0.3
193,0.525974025974026,748.5291358024691,687.0760273972602,1.2088323459249093,0.2461048662233999,2.896103896103896,1.4242017884531275,29.999999999999996,1.0,6,6,14641.386363636364,4754.701791774161,0.987383684838987,920.3899620640702,346.14876712328766,0.0684931506849315,1.0065359477124183,0.33986928104575165
194,0.5714285714285714,679.394375,577.1458333333334,1.5695498682453164,0.6970279607496089,3.142857142857143,1.5066950156318533,36.52173913043478,1.2173913043478262,5,7,14150.485,4965.815535303524,0.9323775415386578,811.4189654935343,-317.4839130434783,0.043478260869565216,0.8363636363636363,0.38181818181818183
195,0.5420560747663551,3060.828275862069,2727.247346938776,1.3284534783969961,0.8960955261431592,7.841121495327103,3.9624404827630224,6.743697478991597,0.22478991596638656,5,5,48714.24588785047,20225.349608358523,1.0377002251317478,3596.792635369356,523.046734693878,0.3877551020408163,4.490566037735849,0.0
196,0.5384615384615384,1799.8590476190473,1341.5797222222222,1.5651962539187319,0.6543308275032161,5.615384615384615,3.046099354702876,12.857142857142858,0.42857142857142855,4,6,28940.90230769231,13865.351857955364,0.9423694614646289,2291.6465271636216,10240.76285714286,0.3142857142857143,2.3636363636363638,0.2077922077922078
197,0.5087719298245614,1343.7525862068967,1205.21625,1.154766831263684,0.435616116997924,5.745614035087719,2.7581300690923483,11.91637630662021,0.397212543554007,7,4,28904.248596491227,15068.903984521241,1.0144361251890306,1678.9642068908026,7140.140181818181,0.2,2.5398230088495577,0.20353982300884957
198,0.75,723.6520512820513,542.9830769230769,3.998202238913807,3.1425047937572805,17.884615384615383,8.069924425998504,4.890282131661443,0.16300940438871472,2,10,13313.982307692308,2894.225487951534,1.0162354335017658,736.1300196342693,-1287.9792307692305,0.23076923076923078,6.254901960784314,0.0
199,0.5621301775147929,1432.7737894736842,1451.322027027027,1.2673767244645449,0.7361233520730821,5.715976331360947,2.9664461500828265,11.901408450704226,0.3967136150234742,4,8,27016.94970414201,12582.399175065155,0.965785107461572,1897.4963443967124,6886.732054794521,0.273972602739726,2.5357142857142856,0.16666666666666666
200,0.5913978494623656,2195.5534545454543,2489.7436842105267,1.2763461383575099,0.8390214861541077,8.35483870967742,3.9166455292716416,7.837078651685393,0.2612359550561798,4,10,47273.22215053764,20509.68786215505,1.0071739823770165,3002.330047579012,949.7013513513529,0.13513513513513514,3.869565217391304,0.0
